Title                                                                                                                                                                         ,Price ,In Stock ,Category
XFX Radeon RX 6600 Speedster SWFT 210 Core RX-66XL8LFDQ 8GB GDDR6 128-bit PCI-E 4.0 Desktop Graphics Card                                                                     ,False ,4999.00  ,Graphics Cards
Palit GeForce RTX 3060 Dual NE63060019K9-190AD 12GB GDDR6 192-bit PCI-E 4.0 Desktop Graphics Card                                                                             ,False ,6299.00  ,Graphics Cards
XFX Radeon RX 6700 Speedster SWFT 309 Core RX-67XLKWFDV 10GB GDDR6 160-bit PCI-E 4.0 Desktop Graphics Card                                                                    ,False ,6699.00  ,Graphics Cards
Palit GeForce RTX 4060 Dual NE64060019P1-1070D 8GB GDDR6 128-Bit PCIe 4.0 Desktop Graphics Card                                                                               ,False ,6699.00  ,Graphics Cards
XFX Radeon RX 7800 XT SPEEDSTER MERC319 BLACK RX-78TMERCB9 16GB GDDR6 256-Bit PCIe 4.0 Desktop Graphics Card                                                                  ,False ,12599.00 ,Graphics Cards
XFX Radeon RX 7900 XT Speedster MERC 310 RX-79TMERCU9 20GB GDDR6 320-bit PCI-E 4.0 Desktop Graphics Card                                                                      ,False ,16799.00 ,Graphics Cards
Palit GeForce RTX 4070 DUAL NED4070019K9-1047D ​12GB GDDR6X 192-bit PCIe 4.0 Desktop Graphics Card                                                                             ,False ,12699.00 ,Graphics Cards
Palit GeForce GT 710 Single NEAT7100HD46-2080F 2GB DDR3 64-bit PCI-E 2.0 Desktop Graphics Card                                                                                ,False ,779.00   ,Graphics Cards
XFX Radeon RX 6800 Speedster SWFT 319 Core RX-68XLAQFD9 16GB GDDR6 256-bit PCI-E 4.0 Desktop Graphics Card                                                                    ,False ,9399.00  ,Graphics Cards
Palit GeForce RTX 4060 Ti JetStream NE6406T019T1-1061J 16GB GDDR6 128-bit PCIe 4.0 Desktop Graphics Card                                                                      ,False ,9999.00  ,Graphics Cards
XFX Radeon RX 7800 XT SPEEDSTER QICK319 CORE RX-78TQICKF9 16GB GDDR6 256-Bit PCIe 4.0 Desktop Graphics Card                                                                   ,False ,12199.00 ,Graphics Cards
Palit GeForce GT 1030 NEC103000646-1082F 2GB DDR4 64-bit PCI-E 3.0 Desktop Graphics Card                                                                                      ,False ,999.00   ,Graphics Cards
Phanteks PH-CBRS4.0_FL22 Flat Line 220mm PCI-E Gen4 x16 Riser Cable                                                                                                           ,False ,779.00   ,Graphics Cards
ASUS GeForce GTX 1650 Dual V2 OC Edition DUAL-GTX1650-O4GD6-P-V2 4GB GDDR6 128-bit PCIe 3.0 Desktop Graphics Card                                                             ,False ,3599.00  ,Graphics Cards
XFX Radeon RX 7900 XTX Speedster Merc 310 Black RX-79XMERCB9 24GB GDDR6 384-bit PCI-E 4.0 Desktop Graphics Card                                                               ,False ,22499.00 ,Graphics Cards
Cooler Master MCA-U000R-KFVK03 MasterAccessory Universal PCIe 4.0 Vertical Graphics Card Holder V3 Kit                                                                        ,False ,1369.00  ,Graphics Cards
Palit GeForce RTX 4060 Ti Dual NE6406T019P1-1060D 8GB GDDR6 128-Bit PCIe 4.0 Desktop Graphics Card                                                                            ,False ,8799.00  ,Graphics Cards
Palit GeForce RTX 4070 Ti JETSTREAM NED407T019K9-1043J ​12GB GDDR6X 192-bit PCIe 4.0 Desktop Graphics Card                                                                     ,False ,17799.00 ,Graphics Cards
Palit GeForce RTX 3050 Dual NE63050018P1-1070D 8GB GDDR6 128-bit PCI-E 4.0 Desktop Graphics Card                                                                              ,False ,4799.00  ,Graphics Cards
Palit GeForce RTX 4090 GameRock NED4090019SB-1020G 24GB GDDR6X 384-Bit PCIe 4.0 Desktop Graphics Card                                                                         ,False ,38499.00 ,Graphics Cards
XFX Radeon RX 7600 SPEEDSTER QICK308 BLACK RX-76PQICKBY 8GB GDDR6 128-Bit PCIe 4.0 Desktop Graphics Card                                                                      ,False ,6649.00  ,Graphics Cards
XFX Radeon RX 7700 XT SPEEDSTER QICK319 BLACK RX-77TQICKB9 12GB GDDR6 192-Bit PCIe 4.0 Desktop Graphics Card                                                                  ,False ,10499.00 ,Graphics Cards
XFX Radeon RX 7600 SPEEDSTER SWFT210 CORE RX-76PSWFTFY 8GB GDDR6 128-Bit PCIe 4.0 Desktop Graphics Card                                                                       ,False ,5999.00  ,Graphics Cards
Zotac GeForce RTX 4070 Twin Edge ZT-D40700E-10M ​12GB GDDR6X 192-bit PCIe 4.0 Desktop Graphics Card                                                                            ,False ,12899.00 ,Graphics Cards
Zotac GeForce RTX 4060 Twin Edge ZT-D40600E-10M 8GB GDDR6 128-Bit PCIe 4.0 Desktop Graphics Card                                                                              ,False ,6999.00  ,Graphics Cards
Zotac GeForce GTX 1650 AMP Core ZT-T16520J-10L 4GB GDDR6 128-bit PCI-E 3.0 Desktop Graphics Card                                                                              ,False ,3349.00  ,Graphics Cards
Zotac GeForce RTX 4060 Ti Twin Edge ZT-D40610E-10M 8GB GDDR6 128-Bit PCIe 4.0 Desktop Graphics Card                                                                           ,False ,8999.00  ,Graphics Cards
Zotac GeForce RTX 4070 Ti Trinity ZT-D40710D-10P 12GB GDDR6X 192-Bit PCI-E 4.0 Desktop Graphics Card                                                                          ,False ,18599.00 ,Graphics Cards
Zotac GeForce RTX 3060 Gaming Twin Edge ZT-A30600E-10M 12GB GDDR6 192-bit PCI-E 4.0 Desktop Graphics Card (Lite Hash Rate)                                                    ,False ,6499.00  ,Graphics Cards
Palit GeForce GTX 1050Ti StormX NE5105T018G1-1070F 4GB GDDR5 128-bit PCI-E 3.0 Desktop Graphics Card                                                                          ,False ,2699.00  ,Graphics Cards
Phanteks PH-CBRS_FL22 Flat Line 22cm PCI-E 3.0 x16 Vertical GPU Riser Cable                                                                                                   ,False ,449.00   ,Graphics Cards
ASUS GeForce RTX 4070 DUAL OC DUAL-RTX4070-O12G ​12GB GDDR6X 192-bit PCIe 4.0 Desktop Graphics Card                                                                            ,True  ,15199.00 ,Graphics Cards
[RECERTIFIED] XFX Radeon RX 6950 XT Speedster Merc 319 Black RX-695XATBD9 16GB GDDR6 256-bit PCIe 4.0 Desktop Graphics Card - 18 Month Warranty                               ,False ,12699.00 ,Graphics Cards
Gigabyte Radeon RX 7800 XT GAMING OC 16G GV-R78XTGAMING-OC-16GD 16GB GDDR6 256-Bit PCIe 4.0 Desktop Graphics Card                                                             ,True  ,12999.00 ,Graphics Cards
Zotac GeForce RTX 4090 Gaming ZT-D40900M-10S 24GB GDDR6X 384-Bit PCIe 4.0 Desktop Graphics Card - OEM Packaging                                                               ,False ,37499.00 ,Graphics Cards
Zotac GeForce RTX 4080 Trinity Black Edition ZT-D40810P-10P 16GB GDDR6X 256-bit PCIe 4.0 Desktop Graphics Card                                                                ,False ,26399.00 ,Graphics Cards
ASUS GeForce GT 730 GT730-4H-SL-2GD5 2GB GDDR5 64-bit PCI-E 2.0 Desktop Graphics Card                                                                                         ,True  ,2574.00  ,Graphics Cards
Corsair CC-9310001-WW Premium Flat Rubberised 300mm PCIe 4.0 x16 Black GPU Riser Cable                                                                                        ,True  ,1551.00  ,Graphics Cards
ASUS GeForce RTX 4060 DUAL OC Edition DUAL-RTX4060-O8G 8GB GDDR6 128-Bit PCIe 4.0 Desktop Graphics Card                                                                       ,True  ,8599.00  ,Graphics Cards
[RECERTIFIED] XFX Radeon RX 6950 XT Speedster Merc 319 Black RX-695XATBD9 16GB GDDR6 256-bit PCIe 4.0 Desktop Graphics Card                                                   ,False ,12899.00 ,Graphics Cards
Palit GeForce RTX 4070 Ti GamingPro NED407T019K9-1043A 12GB GDDR6X 192-Bit PCIe 4.0 Desktop Graphics Card                                                                     ,False ,18499.00 ,Graphics Cards
MSI GeForce RTX 4080 16GB VENTUS 3X OC 16GB GDDR6X 256-Bit PCIe 4.0 Desktop Graphics Card                                                                                     ,True  ,28536.00 ,Graphics Cards
MSI GeForce RTX 4090 SUPRIM LIQUID X 24G 24GB GDDR6X 384-Bit PCIe 4.0 240mm All-In-One Liquid Cooled Desktop Graphics Card                                                    ,True  ,47097.00 ,Graphics Cards
Gigabyte GeForce RTX 4090 AORUS XTREME WATERFORCE 24G 24GB GDDR6X 384-Bit PCIe 4.0 Desktop Graphics Card                                                                      ,True  ,47972.00 ,Graphics Cards
MSI GeForce RTX 4080 16GB SUPRIM X 16GB GDDR6X 256-Bit PCIe 4.0 Desktop Graphics Card                                                                                         ,True  ,29899.00 ,Graphics Cards
Gigabyte GeForce GT 1030 GV-N1030D5-2GL 2GB GDDR5 64-bit PCI-E 2.0 Desktop Graphics Card                                                                                      ,True  ,1924.00  ,Graphics Cards
MSI GeForce RTX 4080 16GB GAMING X TRIO 16GB GDDR6X 256-Bit PCIe 4.0 Desktop Graphics Card                                                                                    ,True  ,30299.00 ,Graphics Cards
[RECERTIFIED] XFX Radeon RX 6800 XT Speedster MERC319 RX-68XTALFD9 16GB GDDR6 256-bit PCI-E 4.0 Desktop Graphics Card - 18 Month Warranty                                     ,False ,11199.00 ,Graphics Cards
ASUS GeForce RTX 4070 Ti PROART OC Edition RTX4070TI-O12G 12GB GDDR6X 192-Bit PCIe 4.0 Desktop Graphics Card                                                                  ,True  ,20999.00 ,Graphics Cards
MSI GT 710 2GD3H LP GeForce GT710 2GB DDR3 1600MHz 64Bit PCI-E 2.0 Desktop Graphics Card                                                                                      ,True  ,1295.00  ,Graphics Cards
Gigabyte GeForce RTX 3060 VISION OC 12G GV-N3060VISION OC-12GD 12GB GDDR6 192-bit PCI-E 4.0 Desktop Graphics Card(Lite Hash Rate)                                             ,True  ,8099.00  ,Graphics Cards
Gigabyte GeForce RTX 4090 Gaming OC GV-N4090GAMING OC-24GD 24GB GDDR6X 384-Bit PCIe 4.0 Desktop Graphics Card                                                                 ,True  ,44485.00 ,Graphics Cards
ASUS GeForce RTX 4070 Ti ROG Strix OC Edition ROG-STRIX-RTX4070TI-O12G-GAMING 12GB GDDR6X 192-Bit PCIe 4.0 Desktop Graphics Card                                              ,True  ,29199.00 ,Graphics Cards
Gigabyte GeForce RTX 3060 Ti EAGLE OC D6X 8G GV-N306TXEAGLE-OC-8GD 8GB GDDR6X 256-bit PCIe 4.0 Desktop Graphics Card                                                          ,True  ,10799.00 ,Graphics Cards
Gigabyte GeForce RTX 4060 Ti GAMING OC 16G GV-N406TGAMING OC-16GD 16GB GDDR6 128-Bit PCIe 4.0 Desktop Graphics Card                                                           ,True  ,13152.00 ,Graphics Cards
ASUS GeForce RTX 4060 Ti PROART OC Edition RTX4060TI-O16G 16GB GDDR6 128-bit PCIe 4.0 Desktop Graphics Card                                                                   ,True  ,13899.00 ,Graphics Cards
ASUS GeForce RTX 4080 16GB ROG Strix OC Edition 16GB GDDR6X 256-bit PCIe 4.0 Desktop Graphics Card                                                                            ,True  ,35499.00 ,Graphics Cards
Zotac GeForce RTX 4090 Trinity OC ZT-D40900J-10P 24GB GDDR6X 384-Bit PCIe 4.0 Desktop Graphics Card                                                                           ,False ,39499.00 ,Graphics Cards
ASUS GeForce RTX 4070 Ti TUF Gaming TUF-RTX4070TI-12G-GAMING 12GB GDDR6X 192-Bit PCIe 4.0 Desktop Graphics Card                                                               ,True  ,21999.00 ,Graphics Cards
Gigabyte Radeon RX 6650 XT Gaming OC 8G GV-R665XTGAMING-OC-8GD 8GB GDDR6 128-bit PCIe 4.0 Desktop Graphics Card                                                               ,True  ,6884.00  ,Graphics Cards
Gigabyte GeForce RTX 4060 Ti AERO OC 8G GV-N406TAERO OC-8GD 8GB GDDR6 128-Bit PCIe 4.0 Desktop Graphics Card                                                                  ,True  ,11868.00 ,Graphics Cards
Acer Arc A750 Predator BiFrost OC DP.Z35WW.P01 8GB GDDR6 256-bit PCIe 4.0 Desktop Graphics Card                                                                               ,True  ,5799.00  ,Graphics Cards
PNY RTX A4000 VCNRTXA4000-PB 16GB GDDR6 256-bit PCIe 4.0 Workstation Graphics Card                                                                                            ,True  ,31968.00 ,Graphics Cards
Gigabyte GeForce RTX 4070 EAGLE OC 12G GV-N4070EAGLE OC-12G ​12GB GDDR6X 192-bit PCIe 4.0 Desktop Graphics Card                                                                ,True  ,16562.00 ,Graphics Cards
Gigabyte GeForce RTX 4060 Ti AERO OC 16G GV-N406TAERO OC-16GD 16GB GDDR6 128-Bit PCIe 4.0 Desktop Graphics Card                                                               ,True  ,13274.00 ,Graphics Cards
[OPENBOX] PowerColor Radeon 6900 XT Red Devil AXRX 6900XT 16GBD6-3DHE/OC 16GB GDDR6 256-bit PCI-E 4.0 Desktop Graphics Card                                                   ,False ,13999.00 ,Graphics Cards
[OPENBOX] ECOFLOW DELTA 2 1024Wh Mobile Power Station                                                                                                                         ,False ,16999.00 ,Graphics Cards
[RECERTIFIED] XFX Radeon RX 7900 XTX Merc 310 Black Speedster RX-79XMERCB9 24GB GDDR6 384-bit PCI-E 4.0 Desktop Graphics Card - 18 Month Warranty                             ,False ,20299.00 ,Graphics Cards
Gigabyte GeForce RTX 3070 Ti Gaming OC GV-N307TGAMING OC-8GD 8GB GDDR6X 256-bit PCI-E 4.0 Desktop Graphics Card                                                               ,True  ,15588.00 ,Graphics Cards
Gigabyte GeForce RTX 4080 Aero OC GV-N4080AERO OC-16GD 16GB GDDR6X 256-Bit PCIe 4.0 Desktop Graphics Card                                                                     ,True  ,33958.00 ,Graphics Cards
MSI GeForce RTX 4080 16GB GAMING TRIO 16GB GDDR6X 256-Bit PCIe 4.0 Desktop Graphics Card                                                                                      ,True  ,28799.00 ,Graphics Cards
Intel Arc A750 21P02J00BA 8GB GDDR6 256-bit PCIe 4.0 Desktop Graphics Card                                                                                                    ,True  ,6434.00  ,Graphics Cards
Gigabyte GeForce RTX 4070 AORUS MASTER 12G GV-N4070AORUS M-12GD 12GB GDDR6X 192-Bit PCIe 4.0 Desktop Graphics Card                                                            ,True  ,18389.00 ,Graphics Cards
MSI GeForce RTX 4060 Ti VENTUS 3X 16G OC RTX-4060-Ti-VENTUS-3X-16G-OC 16GB GDDR6 128-Bit PCIe 4.0 Desktop Graphics Card                                                       ,True  ,14099.00 ,Graphics Cards
ASUS GeForce RTX 3050 Dual V2 OC Edition DUAL-RTX3050-O8G-V2 8GB GDDR6 128-bit PCI Express 4.0 Desktop Graphics Card                                                          ,True  ,6700.00  ,Graphics Cards
MSI GeForce RTX 4070 TI VENTUS 3X E1 OC 12G RTX-4070-TI-VENTUS-3X-E1-12G-OC 12GB GDDR6X 192-Bit PCIe 4.0 Desktop Graphics Card                                                ,True  ,20346.00 ,Graphics Cards
PowerColor Radeon RX 6900 XT Red Devil OC AXRX 6900XT 16GBD6-3DHE/OC 16GB GDDR6 256-bit PCI-E 4.0 Desktop Graphics Card                                                       ,True  ,15899.00 ,Graphics Cards
Gigabyte GeForce GTX 1650 D6 OC 4G Edition GV-N1656OC-4GD 4GB GDDR6 128-bit PCI-E 3.0 Desktop Graphics Card                                                                   ,True  ,4248.00  ,Graphics Cards
MSI GeForce RTX 3060 VENTUS 2X OC 12GB GDDR6 192-bit PCIe 4.0 Desktop Graphics Card (Lite Hash Rate)                                                                          ,True  ,8886.00  ,Graphics Cards
Gigabyte GeForce RTX 4080 Gaming OC GV-N4080GAMING OC-16GD 16GB GDDR6X 256-Bit PCIe 4.0 Desktop Graphics Card                                                                 ,True  ,33898.00 ,Graphics Cards
Gigabyte GeForce RTX 4070 AERO OC 12G GV-N4070AERO OC-12GD 12GB GDDR6X 192-Bit PCIe 4.0 Desktop Graphics Card                                                                 ,True  ,17780.00 ,Graphics Cards
Gigabyte GeForce RTX 4070 Gaming OC 12G GV-N4070GAMING OC-12GD 12GB GDDR6X 192-Bit PCIe 4.0 Desktop Graphics Card                                                             ,True  ,17293.00 ,Graphics Cards
Gigabyte GeForce RTX 4060 GAMING OC 8G GV-N4060GAMING OC-8GD 8GB GDDR6 128-Bit PCIe 4.0 Desktop Graphics Card                                                                 ,True  ,8799.00  ,Graphics Cards
Gigabyte GeForce RTX 4060 WINDFORCE OC 8G GV-N4060WF2OC-8GD 8GB GDDR6 128-Bit PCIe 4.0 Desktop Graphics Card                                                                  ,True  ,8399.00  ,Graphics Cards
Gigabyte GeForce GT 710 GV-N710D3-2GL 2GB DDR3 64-bit PCI-E 2.0 Desktop Graphics Card                                                                                         ,True  ,1273.00  ,Graphics Cards
Gigabyte GeForce RTX 3080 TURBO 10G GV-N3080TURBO-10GD 10GB GDDR6X 320-bit PCI-E 4.0 Desktop Graphics Card (Lite Hash Rate)                                                   ,True  ,15953.00 ,Graphics Cards
ASUS GeForce RTX 3070 Dual OC V2 LHR Edition DUAL-RTX3070-O8G-V2 8GB GDDR6 256-bit PCIe 4.0 Desktop Graphics Card (Lite Hash Rate)                                            ,True  ,11183.00 ,Graphics Cards
Gigabyte Radeon RX 6500 XT GAMING OC 4G GV-R65XTGAMING OC-4GD 4GB GDDR6 64-Bit PCI-E 4.0 Desktop Graphics Card                                                                ,True  ,6085.00  ,Graphics Cards
MSI GeForce RTX 4070 Ti VENTUS 3X 12GB GDDR6X 192-Bit PCIe 4.0 Desktop Graphics Card                                                                                          ,True  ,20491.00 ,Graphics Cards
MSI GeForce RTX 4070 VENTUS 3X 12G OC RTX-4070-VENTUS-3X-12G-OC 12GB GDDR6X 192-Bit PCIe 4.0 Desktop Graphics Card                                                            ,True  ,17292.00 ,Graphics Cards
Gigabyte Radeon RX 7600 Gaming OC 8G GV-R76GAMING OC-8GD 8GB GDDR6 128-Bit PCIe 4.0 Desktop Graphics Card                                                                     ,True  ,7799.00  ,Graphics Cards
MSI GeForce RTX 4060 GAMING X 8G RTX-4060-GAMING-X-8G 8GB GDDR6 128-Bit PCIe 4.0 Desktop Graphics Card                                                                        ,True  ,8999.00  ,Graphics Cards
Gigabyte GeForce RTX 4090 AERO OC GV-N4090AERO-OC-24GD 24GB GDDR6X 384-Bit PCIe 4.0 Desktop Graphics Card                                                                     ,True  ,46289.00 ,Graphics Cards
ASUS Radeon RX 7700 XT TUF GAMING OC TUF-RX7700XT-O12G-GAMING 12GB GDDR6 192-Bit PCIe 4.0 Desktop Graphics Card                                                               ,True  ,13994.00 ,Graphics Cards
Gigabyte Radeon RX 7700 XT GAMING OC GV-R77XTGAMING-OC-12GD 12GB GDDR6 192-Bit PCIe 4.0 Desktop Graphics Card                                                                 ,True  ,11499.00 ,Graphics Cards
MSI GeForce RTX 4060 Ti VENTUS 2X BLACK 16G OC RTX-4060-Ti-VENTUS-2X-BLACK-16G-OC 16GB GDDR6 128-Bit PCIe 4.0 Desktop Graphics Card                                           ,True  ,13799.00 ,Graphics Cards
Cooler Master MAZ-IMGB-N30NA-R1 ELV8 RGB Black GPU Bracket                                                                                                                    ,True  ,456.00   ,Graphics Cards
[OPENBOX] Phanteks PH-CBRS_FL22 Flat Line 22cm PCI-E 3.0 x16 Vertical GPU Riser Cable - 15 Month Warranty                                                                     ,False ,339.00   ,Graphics Cards
Elgato 1GC109901002 HD60 Pro PCIe x1 Capture Card                                                                                                                             ,True  ,5499.00  ,Graphics Cards
MSI GeForce GTX 1660 SUPER VENTUS XS OC 6GB GDDR6 192-bit PCI-E 3.0 Desktop Graphics Card                                                                                     ,True  ,6499.00  ,Graphics Cards
MSI GeForce RTX 3060 GAMING X 12GB GDDR6 192-bit PCIe 4.0 Desktop Graphics Card (Lite Hash Rate)                                                                              ,True  ,9469.00  ,Graphics Cards
Gigabyte GeForce RTX 3050 EAGLE OC GV-N3050EAGLE OC-8GD 8GB GDDR6 128-bit PCI-E 4.0 Desktop Graphics Card                                                                     ,True  ,7191.00  ,Graphics Cards
MSI Radeon RX 6500 XT MECH 2X 4G OC 4GB GDDR6 64-bit PCIe 3.0 x4 Desktop Graphics Card                                                                                        ,True  ,5899.00  ,Graphics Cards
Gigabyte GeForce RTX 4080 Eagle OC GV-N4080EAGLE OC-16GD 16GB GDDR6X 256-Bit PCIe 4.0 Desktop Graphics Card                                                                   ,True  ,33295.00 ,Graphics Cards
Gigabyte GeForce RTX 4070 Ti Eagle OC 12G GV-N407TEAGLE OC-12G 12GB 192-Bit PCIe 4.0 Desktop Graphics Card                                                                    ,True  ,20599.00 ,Graphics Cards
Gigabyte GeForce RTX 4060 Ti EAGLE 8G GV-N406TEAGLE-8GD 8GB GDDR6 128-Bit PCIe 4.0 Desktop Graphics Card                                                                      ,True  ,10889.00 ,Graphics Cards
MSI GeForce RTX 4060 Ti GAMING X 16G RTX-4060-Ti-GAMING-X-16G 16GB GDDR6 128-Bit PCIe 4.0 Desktop Graphics Card                                                               ,True  ,14699.00 ,Graphics Cards
Equip 3m HDMI 2.0 Cable                                                                                                                                                       ,True  ,126.00   ,Graphics Cards
Asus GeForce RTX 3060 Phoenix PH-RTX3060-12G-V2 12GB GDDR6 192-bit PCI-E 4.0 Desktop Graphics Card (Lite Hash Rate)                                                           ,True  ,8099.00  ,Graphics Cards
ASUS GeForce GTX 1660 Ti TUF Gaming EVO TUF-GTX1660TI-6G-EVO-GAMING 6GB GDDR6 192-bit PCI-E 3.0 Desktop Graphics Card                                                         ,False ,-99      ,Graphics Cards
[OPENBOX] Sunix SER5037A 2-Port RS-232 Universal PCI Serial Board                                                                                                             ,False ,-99      ,Graphics Cards
1.8m HDMI to DVI Cable                                                                                                                                                        ,False ,-99      ,Graphics Cards
J5create JDA158 DisplayPort to HDMI(4K) Adapter 125mm White Cable                                                                                                             ,True  ,430.00   ,Graphics Cards
Equip 2m HDMI 2.0 Cable                                                                                                                                                       ,True  ,113.00   ,Graphics Cards
1.8m DisplayPort to DisplayPort Cable                                                                                                                                         ,False ,-99      ,Graphics Cards
Sunix D2V17C0 DisplayPort to VGA Adapter                                                                                                                                      ,True  ,285.00   ,Graphics Cards
Corsair CC-8900419 Premium 300mm PCI-E 3.0 x16 Vertical GPU Riser Cable                                                                                                       ,False ,-99      ,Graphics Cards
Febsmart FEB-VER006C PCI-E x1 To PCI-E x16 Riser 6-Pack                                                                                                                       ,True  ,1078.00  ,Graphics Cards
Cooler Master MCA-U000R-GSBTG-00 Edge-Lit ARGB Tempered Glass Black GPU Support Bracket                                                                                       ,True  ,524.00   ,Graphics Cards
ASUS XH01 ROG HERCULX Aura Sync ARGB Graphics Card Holder                                                                                                                     ,False ,-99      ,Graphics Cards
Cooler Master MCA-U000C-KPCI40-200 MasterAccessory PCIe 4.0 x16 200mm Riser Cable                                                                                             ,True  ,1298.00  ,Graphics Cards
Cooler Master MCA-U000C-KPCI40-300 300mm PCIe 4.0 x16 Riser Cable                                                                                                             ,False ,-99      ,Graphics Cards
ASUS GeForce GT 710 GT710-SL-2GD5-BRK 2GB GDDR5 64-Bit PCI Express 2.0 Passive Desktop Graphics Card                                                                          ,False ,-99      ,Graphics Cards
Gigabyte GeForce GTX 1660 Ti OC 6G GV-N166TOC-6GD 6GB GDDR6 192-bit PCI-E 3.0 Desktop Graphics Card                                                                           ,True  ,6199.00  ,Graphics Cards
Gigabyte GeForce GTX 1650 OC GV-N1650OC-4GD 4GB GDDR5 128-bit PCI-E 3.0 Desktop Graphics Card                                                                                 ,False ,-99      ,Graphics Cards
ASUS GeForce GTX 1650 Phoenix OC Edition 90YV0CV0-M0NA00 4GB GDDR5 128-bit PCI-E 3.0 Desktop Graphics Card                                                                    ,True  ,3722.00  ,Graphics Cards
ASUS GeForce RTX 2060 Dual OC Evo DUAL-RTX2060-O6G-EVO 6GB GDDR6 192-bit PCI-E 3.0 Desktop Graphics Card                                                                      ,False ,-99      ,Graphics Cards
Gigabyte GeForce RTX 3080 AORUS MASTER LHR Edition 10G GV-N3080AORUS M-10GD 10GB GDDR6 320-bit PCI-E 4.0 Desktop Graphics Card                                                ,True  ,22899.00 ,Graphics Cards
Gigabyte GeForce RTX 3080 EAGLE OC 10G GV-N3080EAGLE OC-10GD 10GB GDDR6X 320-bit PCI-E 4.0 Desktop Graphics Card                                                              ,False ,-99      ,Graphics Cards
Gigabyte GeForce RTX 3080 VISION OC 10G GV-N3080VISION OC-10GD 10GB GDDR6X 320-bit PCI-E 4.0 Desktop Graphics Card (Lite Hash Rate)                                           ,True  ,17399.00 ,Graphics Cards
Gigabyte GeForce RTX 3070 GAMING OC 8G GV-N3070GAMING OC-8GD 8GB GDDR6 256-bit PCI-E 4.0 Desktop Graphics Card (Lite Hash Rate)                                               ,True  ,15344.00 ,Graphics Cards
Gigabyte GeForce RTX 3070 EAGLE 8G GV-N3070EAGLE-8GD 8GB GDDR6 256-bit PCI-E 4.0 Desktop Graphics Card (Lite Hash Rate)                                                       ,True  ,15344.00 ,Graphics Cards
Gigabyte GeForce RTX 3070 VISION OC 8G LHR Edition GV-N3070VISION OC-8GD 8GB GDDR6 256-bit PCI-E 4.0 Desktop Graphics Card (Lite Hash Rate)                                   ,False ,-99      ,Graphics Cards
Gigabyte GeForce RTX 3070 AORUS MASTER 8G GV-N3070AORUS M-8GD 8GB GDDR6 256-bit PCI-E 4.0 Desktop Graphics Card (Lite Hash Rate)                                              ,False ,-99      ,Graphics Cards
Palit GeForce RTX 3060 Ti Dual NE6306T019P2-190AD 8GB GDDR6 256-bit PCI-E 4.0 Desktop Graphics Card (Lite Hash Rate)                                                          ,False ,-99      ,Graphics Cards
Gigabyte GeForce RTX 3060 Ti EAGLE OC LHR Edition 8G GV-N306TEAGLE OC-8GD 8GB GDDR6 256-bit PCI-E 4.0 Desktop Graphics Card (Lite Hash Rate)                                  ,False ,-99      ,Graphics Cards
ASUS Radeon RX 6900 XT TUF Gaming OC TUF-RX6900XT-O16G-GAMING 16GB GDDR6 256-bit PCI-E 4.0 Desktop Graphics Card                                                              ,False ,-99      ,Graphics Cards
XFX Radeon RX 6800 XT Speedster MERC 319 RX-68XTALFD9 16GB GDDR6 256-bit PCI-E 4.0 Desktop Graphics Card                                                                      ,False ,-99      ,Graphics Cards
ASUS GeForce RTX 3060 TUF Gaming TUF-RTX3060-O12G-GAMING 12GB GDDR6 192-bit PCIe 4.0 Desktop Graphics Card (Lite Hash Rate)                                                   ,False ,-99      ,Graphics Cards
Gigabyte GeForce RTX 3060 EAGLE 12G GV-N3060EAGLE-12GD 12GB GDDR6 192-bit PCIe 4.0 Desktop Graphics Card (Lite Hash Rate)                                                     ,True  ,8236.00  ,Graphics Cards
Gigabyte GeForce RTX 3060 AORUS ELITE 12G GV-N3060AORUS E-12GD 12GB GDDR6 192-bit PCI-E 4.0 Desktop Graphics Card (Lite Hash Rate)                                            ,False ,-99      ,Graphics Cards
Gigabyte GeForce RTX 3060 EAGLE OC 12G GV-N3060EAGLE OC-12GD 12GB GDDR6 192-bit PCIe 4.0 Desktop Graphics Card (Lite Hash Rate)                                               ,True  ,8359.00  ,Graphics Cards
Gigabyte GeForce RTX 3060 GAMING OC 12G GV-N3060GAMING OC-12GD 12GB GDDR6 192-bit PCIe 4.0 Desktop Graphics Card (Lite Hash Rate)                                             ,False ,-99      ,Graphics Cards
Gigabyte Radeon RX 6900 XT Aorus Master 16G GV-R69XTAORUS M-16GD 16GB GDDR6 256-bit PCIe 4.0 Desktop Graphics Card                                                            ,True  ,22787.00 ,Graphics Cards
Palit GeForce RTX 3080 GamingPro LHR Edition NED3080019IA-132AA 10GB GDDR6X 320-bit PCI-E 4.0 Desktop Graphics Card (Lite Hash Rate)                                          ,False ,-99      ,Graphics Cards
Palit GeForce RTX 3070 GamingPro NE63070019P2-1041A 8GB GDDR6 256-bit PCI-E 4.0 Desktop Graphics Card (Lite Hash Rate)                                                        ,False ,-99      ,Graphics Cards
Gigabyte Radeon RX 6700 XT ELITE 12G GV-R67XTAORUS E-12GD 12GB GDDR6 192-bit PCIe 4.0 Desktop Graphics Card                                                                   ,False ,-99      ,Graphics Cards
ASUS GeForce RTX 3080 Ti TUF Gaming OC TUF-RTX3080TI-O12G-GAMING 12GB GDDR6X 384-bit PCI-E 4.0 Desktop Graphics Card                                                          ,False ,-99      ,Graphics Cards
Gigabyte GeForce RTX 3070 Ti AORUS Master 8G GV-N307TAORUS M-8GD 8GB GDDR6X 256-bit PCI-E 4.0 Desktop Graphics Card                                                           ,True  ,17536.00 ,Graphics Cards
Gigabyte GeForce RTX 3070 Ti VISION OC GV-N307TVISION OC-8GD 8GB GDDR6X 256-bit PCI-E 4.0 Desktop Graphics Card                                                               ,True  ,17658.00 ,Graphics Cards
Gigabyte GeForce GT 730 GV-N730D5-2GL 2GB DDR5 64-bit PCI-E 2.0 Desktop Graphics Card                                                                                         ,True  ,1663.00  ,Graphics Cards
Galax GeForce RTX 3060 Ti 1-Click OC LHR Edition 36ISL6MD1VQW 8GB GDDR6 256-bit PCI-E 4.0 Desktop Graphics Card (Lite Hash Rate)                                              ,False ,-99      ,Graphics Cards
Gigabyte GeForce RTX 3060 Ti Aorus Elite 8G LHR Edition GV-N306TAORUS E-8GD 8GB GDDR6 256-bit PCIe 4.0 Desktop Graphics Card (Lite Hash Rate)                                 ,True  ,15099.00 ,Graphics Cards
PowerColor Radeon RX 6700 XT Red Devil OC AXRX 6700XT 12GBD6-3DHE/OC 12GB GDDR6 192-bit PCI-E 4.0 Desktop Graphics Card                                                       ,False ,-99      ,Graphics Cards
Gigabyte Radeon RX 6600 XT GAMING OC GV-R66XTGAMING OC-8GD 8GB GDDR6 128-bit PCI-E 4.0 Desktop Graphics Card                                                                  ,False ,-99      ,Graphics Cards
PowerColor Radeon RX 6800 XT Red Devil OC AXRX 6800XT 16GBD6-3DHE/OC 16GB GDDR6 256-bit PCI-E 4.0 Desktop Graphics Card                                                       ,False ,-99      ,Graphics Cards
ASUS GeForce RTX 3080 TUF Gaming OC V2 LHR Edition TUF-RTX3080-O10G-V2-GAMING 10GB GDDR6X 320-bit PCI-E 4.0 Desktop Graphics Card (Lite Hash Rate)                            ,False ,-99      ,Graphics Cards
ASUS GeForce RTX 3060 Dual OC V2 LHR Edition DUAL-RTX3060-O12G-V2 12GB GDDR6 192-bit PCI-E 4.0 Desktop Graphics Card (Lite Hash Rate)                                         ,False ,-99      ,Graphics Cards
ASUS GeForce RTX 3070 TUF Gaming OC LHR Edition TUF-RTX3070-O8G-V2-GAMING 8GB GDDR6 256-bit PCIe 4.0 Desktop Graphics Card (Lite Hash Rate)                                   ,False ,-99      ,Graphics Cards
ASUS GeForce RTX 3060 Ti Dual V2 MINI LHR Edition DUAL-RTX3060TI-8G-MINI-V2 8GB GDDR6 256-bit PCI-E 4.0 Desktop Graphics Card (Lite Hash Rate)                                ,False ,-99      ,Graphics Cards
ASUS GeForce GTX 1650 Phoenix OC Edition PH-GTX1650-O4GD6 4GB GDDR6 128-bit PCI-E 3.0 Desktop Graphics Card                                                                   ,False ,-99      ,Graphics Cards
ASUS GeForce GT 1030 GT1030-SL-2G-BRK 2GB GDDR5 64-bit PCI-E 3.0 Desktop Graphics Card                                                                                        ,False ,-99      ,Graphics Cards
Gigabyte GeForce RTX 3080 AORUS XTREME WATERFORCE GV-N3080AORUSX W-10GD 10GB GDDR6 320-bit PCIe 4.0 Desktop Graphics Card (Lite Hash Rate)                                    ,True  ,23999.00 ,Graphics Cards
ASUS GeForce RTX 3060 Ti Dual MINI OC V2 LHR Edition DUAL-RTX3060TI-O8G-MINI-V2 8GB GDDR6 256-bit PCI-E 4.0 Desktop Graphics Card (Lite Hash Rate)                            ,False ,-99      ,Graphics Cards
Gigabyte GeForce GTX 1650 OC 4G Edition GV-N1650OC-4GL 4GB GDDR5 128-bit PCI-E 3.0 Desktop Graphics Card                                                                      ,False ,-99      ,Graphics Cards
ASUS Radeon RX 6600 Dual 8G DUAL-RX6600-8G 8GB GDDR6 128-bit PCI-E 4.0 Desktop Graphics Card                                                                                  ,False ,-99      ,Graphics Cards
Gigabyte GeForce RTX 3060 Ti Vision OC 8G LHR Edition GV-N306TVISION OC-8GD 8GB GDDR6 256-bit PCIe 4.0 Desktop Graphics Card                                                  ,True  ,11195.00 ,Graphics Cards
Gainward GeForce RTX 2060 Super Ghost GW-RTX2060S-8GB-GH 8GB GDDR6 256-bit PCI-E 3.0 Desktop Graphics Card                                                                    ,False ,-99      ,Graphics Cards
Gainward GeForce GTX 1660 Ti Ghost GW-GTX1660T-6GB-GH 6GB GDDR6 192-bit PCI-E 3.0 Desktop Graphics Card                                                                       ,False ,-99      ,Graphics Cards
Gainward GeForce RTX 3080 Ti Phoenix LHR Edition GW-RTX3080T-12GB-PHX 12GB GDDR6X 384-bit PCI-E 4.0 Desktop Graphics Card                                                     ,False ,-99      ,Graphics Cards
INNO3D GeForce GTX 1660 SUPER TWIN X2 INO-N166SK-06D6 6GB GDDR6 192-bit PCI-E 3.0 Desktop Graphics Card                                                                       ,False ,-99      ,Graphics Cards
ASUS Geforce GT730 Low Profile GT730-SL-2GD5-BRK 2GB GDDR5 64-Bit PCI-E 2.0 Desktop Graphics Card                                                                             ,False ,-99      ,Graphics Cards
MSI GeForce RTX 2060 VENTUS OC 12GB GDDR6 192-bit PCI-E 3.0 Desktop ​Graphics Card                                                                                             ,False ,-99      ,Graphics Cards
PowerColor Radeon RX 6600 XT Fighter RX6600XT-8GB-FIGHTER 8GB GDDR6 128-Bit PCI-E 4.0 Desktop Graphics Card                                                                   ,False ,-99      ,Graphics Cards
ASRock Radeon RX 6900XT Phantom Gaming D 16G OC RX6900XT-16GBOCPHANTOMGAMINGD 16GB GDDR6 256-Bit PCI-E 4.0 Desktop Graphics Card                                              ,True  ,16562.00 ,Graphics Cards
MSI GeForce RTX 3050 VENTUS 2X OC 8GB GDDR6 128-bit PCI-E 4.0 Desktop Graphics Card                                                                                           ,False ,-99      ,Graphics Cards
ASUS GeForce RTX 3050 DUAL OC Edition DUAL-RTX3050-O8G 8GB GDDR6 128-bit PCI-E 4.0 Desktop Graphics Card                                                                      ,False ,-99      ,Graphics Cards
Gigabyte GeForce RTX 3050 Eagle GV-N3050EAGLE-8GD 8GB GDDR6 128-bit PCI-E 4.0 Desktop Graphics Card                                                                           ,False ,-99      ,Graphics Cards
ASUS GeForce RTX 3050 ROG Strix OC Edition ROG-STRIX-RTX3050-O8G 8GB GDDR6 128-bit PCI-E 4.0 Desktop Graphics Card                                                            ,True  ,9176.00  ,Graphics Cards
Gigabyte GeForce RTX 3080 EAGLE GV-N3080EAGLE-12GD 12GB GDDR6X 384-bit PCI-E 4.0 Desktop Graphics Card                                                                        ,False ,-99      ,Graphics Cards
Gigabyte GeForce RTX 3080 Gaming OC GV-N3080GAMING OC-12GD 12GB GDDR6X 384-bit PCI-E 4.0 Desktop Graphics Card (Lite Hash Rate)                                               ,True  ,17780.00 ,Graphics Cards
MSI GeForce RTX 3060 Ti GAMING X 8G LHR 8GB GDDR6 256-bit PCI-E 4.0 Desktop Graphics Card                                                                                     ,False ,-99      ,Graphics Cards
Gainward GeForce GT 1030 GW-GT1030-2GB 2GB DDR4 64-bit PCI-E 3.0 Desktop Graphics Card                                                                                        ,False ,-99      ,Graphics Cards
Gainward GeForce GTX 1660 Super Ghost GW-GTX1660S-6GB-GH 6GB GDDR6 192-bit PCI-E 3.0 Desktop Graphics Card                                                                    ,False ,-99      ,Graphics Cards
Gigabyte Radeon RX 6500 XT EAGLE 4G GV-R65XTEAGLE-4GD 4GB GDDR6 64-Bit PCI-E 4.0 Desktop Graphics Card                                                                        ,False ,-99      ,Graphics Cards
Gigabyte GeForce RTX 3080 AORUS MASTER 12G GV-N3080AORUS M-12GD 12GB GDDR6X 384-bit PCI-E 4.0 Desktop Graphics Card (Lite Hash Rate)                                          ,True  ,22399.00 ,Graphics Cards
Zotac GeForce RTX 3060 Ti Gaming Twin Edge LHR ZT-A30610E-10MLHR ​8GB GDDR6 256-bit PCIe 4.0 Desktop Graphics Card (Lite Hash Rate)                                            ,False ,-99      ,Graphics Cards
PowerColor Radeon RX 6500 XT 4GBD6-DH/OC Fighter 4GB GDDR6 64-bit PCIe 4.0 x4 Desktop Graphics Card                                                                           ,False ,-99      ,Graphics Cards
PowerColor Radeon RX 6700 XT 12GBD6-3DHL Hellhound 12GB GDDR6 192-bit PCIe 4.0 Desktop Graphics Card                                                                          ,False ,-99      ,Graphics Cards
Gigabyte GeForce RTX 3090 Ti Gaming OC 24G GV-N309TGAMING OC-24GD 24GB GDDR6X 384-bit PCIe 4.0 Desktop Graphics Card                                                          ,False ,-99      ,Graphics Cards
MSI GeForce RTX 3090 Ti Gaming Trio 24GB GDDR6X 384-bit PCI-E 4.0 Desktop Graphics Card                                                                                       ,False ,-99      ,Graphics Cards
Gigabyte  GeForce RTX 3090 Ti XTREME WATERFORCE GV-N309TAORUSX W-24GD 24GB GDDR6X 384-bit PCI-E 4.0 Desktop Graphics Card                                                     ,False ,-99      ,Graphics Cards
Zotac GeForce RTX 3080 Gaming Trinity LHR ZT-A30800D-10PLHR 10GB GDDR6X 320-bit PCIe 4.0 Desktop Graphics Card (Lite Hash Rate)                                               ,False ,-99      ,Graphics Cards
XFX Radeon RX 6400 SPEEDSTER SWFT105 RX-64XL4SFG2 4GB GDDR6 64-bit PCIe 4.0 Desktop Graphics Card                                                                             ,False ,-99      ,Graphics Cards
XFX Radeon RX 6650 XT Black SPEEDSTER MERC 308 RX-665X8TBDY 8GB GDDR6 128-bit PCIe 4.0 Desktop Graphics Card                                                                  ,False ,-99      ,Graphics Cards
Gigabyte Radeon RX 6400 EAGLE 4G GV-R64EAGLE-4GD 4GB GDDR6 64-bit PCIe 4.0 x4 Desktop Graphics Card                                                                           ,True  ,4699.00  ,Graphics Cards
MSI GeForce RTX 3060 Ti Ventus 2X OCV1 LHR 8GB GDDR6 256-bit PCI-E 4.0 Desktop Graphics Card (Lite Hash Rate)                                                                 ,False ,-99      ,Graphics Cards
Zotac GeForce RTX 3070 Gaming Twin Edge LHR ZT-A30700E-10PLHR 8GB GDDR6 256-bit PCI-E 4.0 Desktop Graphics Card (Lite Hash Rate)                                              ,False ,-99      ,Graphics Cards
MSI Radeon RX 6650 XT MECH 2X 8G OC 8GB GDDR6 128-bit PCIe 4.0 Desktop Graphics Card                                                                                          ,True  ,9885.00  ,Graphics Cards
Palit GeForce GTX 1650 Gaming Pro NE6165001BG1-1175A 4GB GDDR6 128-bit PCIe 3.0 Desktop Graphics Card                                                                         ,False ,-99      ,Graphics Cards
Gigabyte Radeon RX 6650 XT Eagle 8G GV-R665XTEAGLE-8GD 8GB GDDR6 128-bit PCIe 4.0 Desktop Graphics Card                                                                       ,False ,-99      ,Graphics Cards
Gigabyte Radeon RX 6750 XT Gaming OC 12GD GV-R675XTGAMING OC-12GD 12GB GDDR6 192-bit PCIe 4.0 Desktop Graphics Card                                                           ,True  ,11256.00 ,Graphics Cards
Gigabyte Radeon RX 6750 XT Aorus Elite 12G GV-R675XTAORUS E-12GD 12GB GDDR6 192-bit PCIe 4.0 Desktop Graphics Card                                                            ,True  ,12235.00 ,Graphics Cards
ASUS Radeon RX 6650 XT Dual OC 8G DUAL-RX6650XT-O8G 8GB GDDR6 128-bit PCIe 4.0 Desktop Graphics Card                                                                          ,True  ,8999.00  ,Graphics Cards
MSI Radeon RX 6650 XT Gaming X 8G 8GB GDDR6 128-bit PCIe 4.0 Desktop Graphics Card                                                                                            ,True  ,10276.00 ,Graphics Cards
Gigabyte GeForce RTX 3080 Ti EAGLE OC 12G LHR Edition GV-N308TEAGLE OC-12GD 12GB GDDR6X 384-bit PCI-E 4.0 Desktop Graphics Card (Lite Hash Rate)                              ,False ,-99      ,Graphics Cards
XFX Radeon RX 6950 XT Speedster Merc 319 Black RX-695XATBD9 16GB GDDR6 256-bit PCIe 4.0 Desktop Graphics Card                                                                 ,False ,-99      ,Graphics Cards
Galax GeForce RTX 3050 EX 1-Click OC 35NSL8MD6YEX 8GB GDDR6 128-Bit PCIe 4.0 Desktop Graphics Card                                                                            ,False ,-99      ,Graphics Cards
Galax GeForce RTX 3070 LHR 1-Click OC 37NSL6MD2KCH 8GB GDDR6 256-Bit PCIe 4.0 Desktop Graphics Card (Lite Hash Rate)                                                          ,False ,-99      ,Graphics Cards
ASUS GeForce RTX 3060 DUAL-RTX3060-12G-V2 12GB GDDR6 192-bit PCI-E 4.0 Desktop Graphics Card                                                                                  ,False ,-99      ,Graphics Cards
Palit GeForce RTX 3050 Dual NE63050019P1-190AD 8GB GDDR6 128-bit PCI-E 4.0 Desktop Graphics Card                                                                              ,False ,-99      ,Graphics Cards
Zotac GeForce RTX 4090 AMP Extreme AIRO ZT-D40900B-10P 24GB GDDR6X 384-Bit PCIe 4.0 Desktop Graphics Card                                                                     ,False ,-99      ,Graphics Cards
Zotac GeForce RTX 4090 Trinity ZT-D40900D-10P 24GB GDDR6X 384-Bit PCIe 4.0 Desktop Graphics Card                                                                              ,False ,-99      ,Graphics Cards
MSI GeForce RTX 4090 SUPRIM X 24G 24GB GDDR6X 384-Bit PCIe 4.0 Desktop Graphics Card                                                                                          ,False ,-99      ,Graphics Cards
MSI GeForce RTX 4090 GAMING X TRIO 24G 24GB GDDR6X 384-Bit PCIe 4.0 Desktop Graphics Card                                                                                     ,False ,-99      ,Graphics Cards
ASUS GeForce RTX 4080 16GB TUF Gaming TUF-RTX4080-16G-GAMING 16GB GDDR6X 256-bit PCIe 4.0 Desktop Graphics Card                                                               ,False ,-99      ,Graphics Cards
Gigabyte GeForce RTX 4090 Aorus Master 24G GV-N4090AORUS M-24GD 24GB GDDR6X 384-Bit PCIe 4.0 Desktop Graphics Card                                                            ,False ,-99      ,Graphics Cards
Galax GeForce RTX 4090 Serious Gaming 1-Click OC 49NXM5MD6DSG 24GB GDDR6X 384-Bit PCIe 4.0 Desktop Graphics Card                                                              ,False ,-99      ,Graphics Cards
ASUS GeForce RTX 4080 16GB TUF Gaming OC Edition TUF-RTX4080-O16G-GAMING 16GB GDDR6X 256-bit PCIe 4.0 Desktop Graphics Card                                                   ,False ,-99      ,Graphics Cards
Gigabyte GeForce RTX 4090 Windforce GV-N4090WF3-24GD 24GB GDDR6X 384-Bit PCIe 4.0 Desktop Graphics Card                                                                       ,True  ,44245.00 ,Graphics Cards
ASUS GeForce RTX 4090 TUF Gaming TUF-RTX4090-24G-GAMING 24GB GDDR6X 384-bit PCIe 4.0 Desktop Graphics Card                                                                    ,False ,-99      ,Graphics Cards
ASUS GeForce RTX 4090 TUF Gaming OC Edition TUF-RTX4090-O24G-GAMING 24GB GDDR6X 384-bit PCIe 4.0 Desktop Graphics Card                                                        ,False ,-99      ,Graphics Cards
ASUS GeForce RTX 4090 ROG Strix OC Edition ROG-STRIX-RTX4090-O24G-GAMING 24GB GDDR6X 384-bit PCIe 4.0 Desktop Graphics Card                                                   ,False ,-99      ,Graphics Cards
Galax GeForce RTX 4080 Serious Gaming 1-Click OC 48NZM6MD6LSG 16GB GDDR6X 256-Bit PCIe 4.0 Desktop Graphics Card                                                              ,False ,-99      ,Graphics Cards
MSI GeForce RTX 3080 VENTUS 3X PLUS 12G OC LHR 12GB GDDR6X 384-bit PCIe 4.0 Desktop Graphics Card (Lite Hash Rate)                                                            ,False ,-99      ,Graphics Cards
Zotac GeForce RTX 4080 AMP Extreme AIRO ZT-D40810B-10P 16GB GDDR6X 256-bit PCI-E 4.0 Desktop Graphics Card                                                                    ,False ,-99      ,Graphics Cards
Zotac GeForce RTX 4080 Trinity OC ZT-D40810J-10P 16GB GDDR6X 256-bit PCI-E 4.0 Desktop Graphics Card                                                                          ,False ,-99      ,Graphics Cards
Zotac GeForce RTX 4080 Trinity ZT-D40810D-10P 16GB GDDR6X 256-bit PCI-E 4.0 Desktop Graphics Card                                                                             ,False ,-99      ,Graphics Cards
GALAX GeForce RTX 3060 Ti 1-Click OC Plus 36ISM6MD4CPC 8GB GDDR6X 256-bit PCI-E 4.0 Desktop Graphics Card                                                                     ,False ,-99      ,Graphics Cards
Galax GeForce RTX 3060 Ti SG 1-Click OC Plus 36ISM6MD4BPL 8GB GDDR6X 256-bit PCI-E 4.0 Desktop Graphics Card                                                                  ,False ,-99      ,Graphics Cards
Palit GeForce RTX 4080 GameRock NED4080019T2-1030G 16GB GDDR6X 256-Bit PCIe 4.0 Desktop Graphics Card                                                                         ,False ,-99      ,Graphics Cards
XFX Radeon RX 6900 XT Speedster MERC 319 Black RX-69XTATBD9 16GB GDDR6 256-bit PCIe 4.0 Desktop Graphics Card                                                                 ,False ,-99      ,Graphics Cards
ASUS Radeon RX 7900 XTX TUF Gaming 24G TUF-RX7900XTX-24G-GAMING 24GB GDDR6 384-bit PCIe 4.0 Desktop Graphics Card                                                             ,False ,-99      ,Graphics Cards
ASUS Radeon RX 7900 XT TUF Gaming OC Edition 20G TUF-RX7900XT-O20G-GAMING 20GB GDDR6 320-bit PCIe 4.0 Desktop Graphics Card                                                   ,False ,-99      ,Graphics Cards
Gigabyte GeForce RTX 4080 Aorus Master GV-N4080AORUS M-16GD 16GB GDDR6X 256-Bit PCIe 4.0 Desktop Graphics Card                                                                ,True  ,35164.00 ,Graphics Cards
Gigabyte GeForce RTX 4080 Aorus XTREME WATERFORCE WB WB-16GD 16GB GDDR6X 256-Bit PCIe 4.0 Desktop Graphics Card                                                               ,True  ,38682.00 ,Graphics Cards
Zotac GeForce RTX 3060 Ti Gaming GDDR6X Twin Edge ZT-A30620E-10P ​8GB 256-bit PCIe 4.0 Desktop Graphics Card                                                                   ,False ,-99      ,Graphics Cards
XFX Radeon RX 7900 XT Gaming RX-79TMBABF9 20GB GDDR6 320-bit PCI-E 4.0 Desktop Graphics Card                                                                                  ,False ,-99      ,Graphics Cards
XFX Radeon RX 7900 XTX Gaming RX-79XMBABF9 24GB GDDR6 384-bit PCI-E 4.0 Desktop Graphics Card                                                                                 ,False ,-99      ,Graphics Cards
MSI GeForce RTX 3090 Ti Suprim SE 24GB GDDR6X 384-bit PCI-E 4.0 Desktop Graphics Card                                                                                         ,False ,-99      ,Graphics Cards
ASUS GeForce RTX 3060 8G DUAL OC Edition 90YV0GB5-M0NA00 8GB GDDR6 128-bit PCIe 4.0 Desktop Graphics Card                                                                     ,False ,-99      ,Graphics Cards
Galax GeForce RTX 3060 Ti 1-Click OC Plus V2 36ISM6MD2KCV 8GB GDDR6X 256-bit PCI-E 4.0 Desktop Graphics Card                                                                  ,False ,-99      ,Graphics Cards
GALAX GeForce RTX 3060 Ti SG 1-Click OC Plus V2 36ISM6MD1GSP 8GB GDDR6X 256-bit PCI-E 4.0 Desktop Graphics Card                                                               ,False ,-99      ,Graphics Cards
Gigabyte Radeon RX 7900 XTX 24G GV-R79XTX-24GC-B 24GB GDDR6 384-bit PCIe 4.0 Desktop Graphics Card                                                                            ,False ,-99      ,Graphics Cards
Gigabyte Radeon RX 7900 XTX GAMING OC 24G GV-R79XTXGAMING-OC-24GD 24GB GDDR6 384-bit PCIe 4.0 Desktop Graphics Card                                                           ,True  ,27499.00 ,Graphics Cards
Gigabyte Radeon RX 7900 XTX AORUS ELITE 24G GV-R79XTXAORUS-E-24GD 24GB GDDR6 384-bit PCIe 4.0 Desktop Graphics Card                                                           ,False ,-99      ,Graphics Cards
Gigabyte GeForce RTX 3060 Ti GAMING OC D6X 8G GV-N306TXGAMING-OC-8GD 8GB GDDR6X 256-bit PCIe 4.0 Desktop Graphics Card                                                        ,True  ,11073.00 ,Graphics Cards
ASUS Radeon RX 7900 XTX 24G 90YV0IT0-U0NM00 24GB GDDR6 384-bit PCIe 4.0 Desktop Graphics Card                                                                                 ,False ,-99      ,Graphics Cards
Zotac GeForce RTX 4070 Ti AMP Extreme AIRO ZT-D40710B-10P 12GB GDDR6X 192-Bit PCI-E 4.0 Desktop Graphics Card                                                                 ,False ,-99      ,Graphics Cards
Zotac GeForce RTX 4070 Ti Trinity OC ZT-D40710J-10P 12GB GDDR6X 192-Bit PCI-E 4.0 Desktop Graphics Card                                                                       ,False ,-99      ,Graphics Cards
Galax GeForce RTX 4070 Ti ST 47IOM7MD6TTS 12GB GDDR6X 192-Bit PCI-E 4.0 Desktop Graphics Card                                                                                 ,False ,-99      ,Graphics Cards
ASUS GeForce RTX 4070 Ti TUF Gaming OC Edition TUF-RTX4070TI-O12G-GAMING 12GB GDDR6X 192-Bit PCIe 4.0 Desktop Graphics Card                                                   ,True  ,26173.00 ,Graphics Cards
MSI GeForce RTX 4070 Ti VENTUS 3X 12G OC 12GB GDDR6X 192-Bit PCIe 4.0 Desktop Graphics Card                                                                                   ,False ,-99      ,Graphics Cards
MSI GeForce RTX 4070 Ti GAMING X TRIO 12GB GDDR6X 192-Bit PCIe 4.0 Desktop Graphics Card                                                                                      ,False ,-99      ,Graphics Cards
MSI GeForce RTX 4070 Ti SUPRIM X 12GB GDDR6X 192-Bit PCIe 4.0 Desktop Graphics Card                                                                                           ,False ,-99      ,Graphics Cards
Gigabyte GeForce RTX 4070 Ti Aorus Master 12G GV-N407TAORUS-M-12GD 192-Bit PCIe 4.0 Desktop Graphics Card                                                                     ,True  ,23999.00 ,Graphics Cards
Gigabyte GeForce RTX 4070 Ti Gaming OC 12G GV-N407TGAMING OC-12GD 192-Bit PCIe 4.0 Desktop Graphics Card                                                                      ,True  ,20699.00 ,Graphics Cards
Gigabyte GeForce RTX 4070 Ti Aero OC 12G GV-N407TAERO OC-12GD 192-Bit PCIe 4.0 Desktop Graphics Card                                                                          ,False ,-99      ,Graphics Cards
Gigabyte GeForce RTX 4070 Ti Eagle 12G GV-N407TEAGLE-12GD 12GB 192-Bit PCIe 4.0 Desktop Graphics Card                                                                         ,True  ,20484.00 ,Graphics Cards
MSI Radeon RX 7900 XTX Gaming Trio Classic 24G 24GB GDDR6 384-bit PCIe 4.0 Desktop Graphics Card                                                                              ,False ,-99      ,Graphics Cards
Zotac GeForce RTX 3060 Ti Gaming GDDR6X Twin Edge White Edition ZT-A30620J-10P ​8GB 256-bit PCIe 4.0 Desktop Graphics Card                                                     ,False ,-99      ,Graphics Cards
ASUS Radeon RX 7900 XT 20G 90YV0IU0-U0NM00 20GB GDDR6 320-bit PCIe 4.0 Desktop Graphics Card                                                                                  ,False ,-99      ,Graphics Cards
MSI GeForce GTX 1650 D6 VENTUS XS OC GTX-1650-D6-VENTUS-XS-OC 4GB GDDR6 128-bit PCI-E 3.0 Desktop Graphics Card                                                               ,False ,-99      ,Graphics Cards
ASRock Radeon RX 7900 XT RX7900XT-GAMING-20GB 20GB GDDR6 320-bit PCI-E 4.0 Desktop Graphics Card                                                                              ,False ,-99      ,Graphics Cards
ASUS GeForce RTX 3060 Ti TUF Gaming OC Edition 90YV0IL0-M0NA00 8GB GDDR6X 256-bit PCIe 4.0 Desktop Graphics Card                                                              ,False ,-99      ,Graphics Cards
Gigabyte GeForce RTX 3060 WindForce 2X OC 12G GV-N3060WF2OC-12GD 12GB GDDR6 192-bit PCIe 4.0 Desktop Graphics Card                                                            ,True  ,8236.00  ,Graphics Cards
Gigabyte GeForce RTX 3060 Ti WindForce 2X OC 8G GV-N306TWF2OC-8GD 8GB GDDR6 256-bit PCIe 4.0 Desktop Graphics Card                                                            ,False ,-99      ,Graphics Cards
ASUS GeForce GT 1030  GT1030-2G-BRK 2GB GDDR5 64-bit PCI-E 3.0 Desktop Graphics Card                                                                                          ,False ,-99      ,Graphics Cards
Zotac GeForce RTX 4070 AMP AIRO ZT-D40700F-10P ​12GB GDDR6X 192-bit PCIe 4.0 Desktop Graphics Card                                                                             ,False ,-99      ,Graphics Cards
Zotac GeForce RTX 4070 Twin Edge OC ZT-D40700H-10M ​12GB GDDR6X 192-bit PCIe 4.0 Desktop Graphics Card                                                                         ,False ,-99      ,Graphics Cards
Palit GeForce RTX 4070 JETSTREAM NED4070019K9-1047J ​12GB GDDR6X 192-bit PCIe 4.0 Desktop Graphics Card                                                                        ,False ,-99      ,Graphics Cards
ASUS GeForce RTX 4070 TUF Gaming OC TUF-RTX4070-O12G-GAMING ​12GB GDDR6X 192-bit PCIe 4.0 Desktop Graphics Card                                                                ,False ,-99      ,Graphics Cards
ASUS GeForce RTX 4070 DUAL 12G DUAL-RTX4070-12G 12GB GDDR6X 192-Bit PCIe 4.0 Desktop Graphics Card                                                                            ,False ,-99      ,Graphics Cards
ASUS GeForce RTX 4070 TUF Gaming TUF-RTX4070-12G-GAMING 12GB GDDR6X 192-Bit PCIe 4.0 Desktop Graphics Card                                                                    ,False ,-99      ,Graphics Cards
Gigabyte GeForce RTX 4070 WINDFORCE OC 12G GV-N4070WF3OC-12GD ​12GB GDDR6X 192-bit PCIe 4.0 Desktop Graphics Card                                                              ,False ,-99      ,Graphics Cards
MSI GeForce RTX 4070 VENTUS 3X 12G RTX-4070-VENTUS-3X-12G 12GB GDDR6X 192-Bit PCIe 4.0 Desktop Graphics Card                                                                  ,False ,-99      ,Graphics Cards
MSI GeForce RTX 4070 GAMING X TRIO 12G RTX-4070-GAMING-X-TRIO-12G 12GB GDDR6X 192-Bit PCIe 4.0 Desktop Graphics Card                                                          ,False ,-99      ,Graphics Cards
ASUS GeForce RTX 3060 Ti Dual White OC Edition DUAL-RTX3060TI-O8GD6X-WHITE 8GB GDDR6X 256-bit PCIe 4.0 Desktop Graphics Card                                                  ,True  ,11073.00 ,Graphics Cards
Palit GeForce RTX 4080 JETSTREAM NED4080019T2-1032J ​16GB GDDR6X 256-bit PCIe 4.0 Desktop Graphics Card                                                                        ,False ,-99      ,Graphics Cards
Palit GeForce RTX 3050 StormX NE63050018P1-1070F 8GB GDDR6 128-bit PCI-E 4.0 Desktop Graphics Card                                                                            ,False ,-99      ,Graphics Cards
Gigabyte GeForce RTX 4060 Ti AORUS ELITE 8G GV-N406TAORUS E-8GD 8GB GDDR6 128-Bit PCIe 4.0 Desktop Graphics Card                                                              ,True  ,13274.00 ,Graphics Cards
Gigabyte GeForce RTX 4060 Ti GAMING OC 8G GV-N406TGAMING OC-8GD 8GB GDDR6 128-Bit PCIe 4.0 Desktop Graphics Card                                                              ,True  ,11868.00 ,Graphics Cards
Gigabyte GeForce RTX 4060 Ti EAGLE OC 8G GV-N406TEAGLE OC-8GD 8GB GDDR6 128-Bit PCIe 4.0 Desktop Graphics Card                                                                ,True  ,10999.00 ,Graphics Cards
MSI GeForce RTX 4060 Ti GAMING X TRIO 8G 8GB GDDR6 128-Bit PCIe 4.0 Desktop Graphics Card                                                                                     ,True  ,12199.00 ,Graphics Cards
MSI GeForce RTX 4060 Ti VENTUS 3X 8G OC 8GB GDDR6 128-Bit PCIe 4.0 Desktop Graphics Card                                                                                      ,True  ,11399.00 ,Graphics Cards
ASUS GeForce RTX 4060 Ti Dual OC Edition ASUS-DUAL-RTX4060TI-O8G 8GB GDDR6 128-Bit PCIe 4.0 Desktop Graphics Card                                                             ,False ,-99      ,Graphics Cards
ZOTAC GeForce RTX 4060 Ti 16GB Twin Edge ZT-D40620E-10M 16GB GDDR6 128-Bit PCIe 4.0 Desktop Graphics Card                                                                     ,False ,-99      ,Graphics Cards
MSI GeForce RTX 4060 Ti GAMING X 8G RTX-4060-Ti-GAMING-X-8G 8GB GDDR6 128-Bit PCIe 4.0 Desktop Graphics Card                                                                  ,False ,-99      ,Graphics Cards
ASUS Radeon RX 7600 Dual OC Edition DUAL-RX7600-O8G 8GB GDDR6 128-bit PCIe 4.0 Desktop Graphics Card                                                                          ,False ,-99      ,Graphics Cards
Zotac GeForce RTX 4060 SOLO ZT-D40600G-10L 8GB GDDR6 128-Bit PCIe 4.0 Desktop Graphics Card                                                                                   ,False ,-99      ,Graphics Cards
ASUS Radeon 550 Phoenix PH-550-2G 2GB GDDR5 PCIe 3.0 64-bit Desktop Graphics Card                                                                                             ,False ,-99      ,Graphics Cards
Zotac GeForce RTX 4060 Twin Edge OC White Edition ZT-D40600Q-10M 8GB GDDR6 128-Bit PCIe 4.0 Desktop Graphics Card                                                             ,False ,-99      ,Graphics Cards
Gigabyte GeForce RTX 4060 AORUS ELITE 8G GV-N4060AORUS E-8GD 8GB GDDR6 128-Bit PCIe 4.0 Desktop Graphics Card                                                                 ,False ,-99      ,Graphics Cards
Gigabyte GeForce RTX 4060 AERO OC 8G GV-N4060AERO OC-8GD 8GB GDDR6 128-Bit PCIe 4.0 Desktop Graphics Card                                                                     ,False ,-99      ,Graphics Cards
Gigabyte GeForce RTX 4060 EAGLE OC 8G GV-N4060EAGLE OC-8GD 8GB GDDR6 128-Bit PCIe 4.0 Desktop Graphics Card                                                                   ,True  ,8482.00  ,Graphics Cards
Palit GeForce RTX 4060 Ti JetStream OC NE6406TU19T1-1061J  16GB GDDR6 128-bit PCIe 4.0 Desktop Graphics Card                                                                  ,False ,-99      ,Graphics Cards
MSI GeForce RTX 4090 SUPRIM 24G 24GB GDDR6X 384-Bit PCIe 4.0 Desktop Graphics Card                                                                                            ,False ,-99      ,Graphics Cards
ASUS GeForce RTX 4090 ROG Strix LC OC Edition ROG-STRIX-LC-RTX4090-O24G-GAMING 24GB GDDR6X 384-bit PCIe 4.0 Desktop Graphics Card                                             ,False ,-99      ,Graphics Cards
ASRock Radeon RX 7800 XT Challenger 16G OC RX7800XT-CL-16GO 16GB GDDR6 256-Bit PCIe 4.0 Desktop Graphics Card                                                                 ,False ,-99      ,Graphics Cards
Gigabyte Radeon RX 6800 AORUS MASTER 16G GV-R68AORUS-M-16GD 16GB GDDR6 256-Bit PCIe 4.0 Desktop Graphics Card                                                                 ,False ,-99      ,Graphics Cards
NVIDIA Quadro P400 2GB GDDR5 64-bit PCI-E 3.0 Workstation Graphics Card                                                                                                       ,True  ,3225.00  ,Graphics Cards
NVIDIA Quadro P620 VCQP620-PB 2GB GDDR5 128-bit PCI-E 3.0 Workstation Graphics Card                                                                                           ,True  ,6469.00  ,Graphics Cards
NVIDIA Quadro RTX 5000 16GB GDDR6 256-bit PCI-E 3.0 Workstation Graphics Card                                                                                                 ,False ,-99      ,Graphics Cards
NVIDIA Quadro RTX 8000 48GB GDDR6 384-bit PCI-E 3.0 Workstation Graphics Card                                                                                                 ,False ,-99      ,Graphics Cards
PNY NVIDIA Quadro P1000 VCQP1000-PB 4GB GDDR5 128-bit PCI-E 3.0 Workstation Graphics Card                                                                                     ,True  ,7498.00  ,Graphics Cards
PNY NVIDIA Quadro T1000 VCNT1000-PB 4 GB GDDR6 128-bit 3.0 Workstation Graphics Card                                                                                          ,True  ,9499.00  ,Graphics Cards
PNY RTX A2000 VCNRTXA2000-PB 6GB GDDR6 192-bit PCIe 4.0 Workstation Graphics Card                                                                                             ,True  ,14492.00 ,Graphics Cards
PNY RTX A2000 VCNRTXA200012GB-PB 12GB GDDR6 192-bit PCIe 4.0 Workstation Graphics Card                                                                                        ,False ,-99      ,Graphics Cards
PNY NVIDIA Quadro T400 VCNT4004GB-PB 4GB GDDR6 64-bit PCIe 3.0 Low Profile Workstation Graphics Card                                                                          ,True  ,4938.00  ,Graphics Cards
PNY NVIDIA Quadro T1000 VCNT10008GB-PB 8GB GDDR6 128-bit PCIe 3.0 Low Profile Workstation Graphics Card                                                                       ,True  ,10800.00 ,Graphics Cards
[RECERTIFIED] Palit GeForce RTX 3080 GamingPro OC LHR Edition NED3080S19IA-132AA 10GB GDDR6X 320-bit PCI-E 4.0 Desktop Graphics Card - 6 Month Warranty                       ,False ,-99      ,Graphics Cards
[RECERTIFIED] XFX Radeon RX 6800 XT Speedster MERC319 RX-68XTALFD9 16GB GDDR6 256-bit PCI-E 4.0 Desktop Graphics Card - 6 Month Warranty                                      ,False ,-99      ,Graphics Cards
[RECERTIFIED] Palit GeForce RTX 3060 Ti Dual NE6306T019P2-190AD 8GB GDDR6 256-bit PCI-E 4.0 Desktop Graphics Card (Lite Hash Rate) - 6 Month Warranty                         ,False ,-99      ,Graphics Cards
[RECERTIFIED] Palit GeForce RTX 4080 GameRock NED4080019T2-1030G 16GB GDDR6X 256-Bit PCIe 4.0 Desktop Graphics Card - 12 Month Warranty                                       ,False ,-99      ,Graphics Cards
[OPENBOX] MSI PRO B650M-A WIFI AMD B650 Ryzen Socket AM5 Micro-ATX Desktop Motherboard                                                                                        ,False ,-99      ,Graphics Cards
"[OPENBOX] AOC U28G2X/D 28"" UHD (3840x2160) 144Hz 1ms IPS DisplayHDR 400 AMD FreeSync Premium Gaming Monitor"                                                                ,False ,-99      ,Graphics Cards
[OPENBOX] Cooler Master MFX-B2DN-18NPA-R1 SickleFlow 120 ARGB LED 120mm PWM Case Fan                                                                                          ,False ,-99      ,Graphics Cards
[OPENBOX] G.Skill F5-5600U3636C16GX2-TZ5S Trident Z5 32GB (2x16GB) DDR5-5600MHz CL36 1.20V Silver Desktop Memory                                                              ,False ,-99      ,Graphics Cards
"[RECERTIFIED] WootBook Ultra III 3070 AMD Ryzen 7 5800H 4.40GHz Boost 8-Core 15.6"" (2560x1440) 165Hz IPS NVIDIA GeForce RTX 3070 8GB GDDR6 Black Laptop - 6 Month Warranty" ,False ,-99      ,Graphics Cards
ASUS DUAL-RX580-O4G Radeon RX 580 4GB GDDR5 256-bit PCIe 3.0 Desktop Graphics Card                                                                                            ,True  ,5593.00  ,Graphics Cards
Thermaltake AC-058-CO1OTN-C2 Premium 300mm PCI-E 4.0 Extender Black Riser Cable                                                                                               ,True  ,1999.00  ,Graphics Cards
Thermaltake AC-059-CO1OTN-C1 Premium 600mm PCI-E 4.0 Extender Black Riser Cable                                                                                               ,True  ,2195.00  ,Graphics Cards
ASUS GeForce RTX 3050 ROG Strix ROG-STRIX-RTX3050-8G 8GB GDDR6 128-bit PCI-E 4.0 Desktop Graphics Card                                                                        ,True  ,10755.00 ,Graphics Cards
ASUS Radeon RX 6500 XT TUF Gaming OC Edition TUF-RX6500XT-O4G-GAMING 4GB GDDR6 64-bit PCI-E 4.0 Desktop Graphics Card                                                         ,True  ,6392.00  ,Graphics Cards
Gigabyte GeForce RTX 3080 XTREME WATERFORCE GV-N3080AORUSX W-12GD 12GB GDDR6X 384-bit PCI-E 4.0 Desktop Graphics Card                                                         ,True  ,22544.00 ,Graphics Cards
MSI Radeon RX 6600 XT MECH 2X 8G OCV1 8GB GDDR6 128-bit PCIe 4.0 Desktop Graphics Card                                                                                        ,True  ,9885.00  ,Graphics Cards
MSI Radeon RX 6400 AERO ITX 4G 4GB GDDR6 64-bit PCIe 4.0 x4 Desktop Graphics Card                                                                                             ,True  ,4199.00  ,Graphics Cards
Gigabyte GeForce RTX 3050 AORUS ELITE GV-N3050AORUS E-8GD 8GB GDDR6 128-bit PCIe 4.0 Desktop Graphics Card                                                                    ,True  ,8359.00  ,Graphics Cards
MSI Radeon RX 6650 XT MECH 2X 8G 8GB GDDR6 128-bit PCIe 4.0 Desktop Graphics Card                                                                                             ,False ,-99      ,Graphics Cards
Gigabyte Radeon RX 6950 XT Gaming OC 16GD GV-R695XTGAMING-OC-16GD 16GB GDDR6 256-bit PCIe 4.0 Desktop Graphics Card                                                           ,True  ,22899.00 ,Graphics Cards
INNO3D GeForce RTX 4090 ICHILL FROSTBITE 24GB GDDR6X 384-bit PCIe 4.0 Desktop Graphics Card                                                                                   ,False ,-99      ,Graphics Cards
INNO3D GeForce RTX 4090 ICHILL BLACK 24GB GDDR6X 384-bit PCIe 4.0 Desktop Graphics Card                                                                                       ,False ,-99      ,Graphics Cards
INNO3D GeForce RTX 4090 ICHILL X3 24GB GDDR6X 384-bit PCIe 4.0 Desktop Graphics Card                                                                                          ,False ,-99      ,Graphics Cards
INNO3D GeForce RTX 4090 X3 OC 24GB GDDR6X 384-bit PCIe 4.0 Desktop Graphics Card                                                                                              ,False ,-99      ,Graphics Cards
Palit GeForce RTX 4090 GameRock OmniBlack NED4090019SB-1020Q 24GB GDDR6X 384-Bit PCIe 4.0 Desktop Graphics Card                                                               ,False ,-99      ,Graphics Cards
ASUS Radeon RX 7900 XTX TUF Gaming OC Edition TUF-RX7900XTX-O24G-GAMING 24GB GDDR6 384-bit PCIe 4.0 Desktop Graphics Card                                                     ,False ,-99      ,Graphics Cards
Gigabyte GeForce RTX 4080 Eagle GV-N4080EAGLE-16GD 16GB GDDR6X 256-Bit PCIe 4.0 Desktop Graphics Card                                                                         ,True  ,32691.00 ,Graphics Cards
Gigabyte GeForce RTX 4090 Gaming GV-N4090GAMING-24GD 24GB GDDR6X 384-Bit PCIe 4.0 Desktop Graphics Card                                                                       ,False ,-99      ,Graphics Cards
Gigabyte GeForce RTX 3060 Gaming OC 8G GV-N3060GAMING-OC-8GD 8GB GDDR6 128-bit PCIe 4.0 Desktop Graphics Card                                                                 ,True  ,8359.00  ,Graphics Cards
XFX Radeon RX 7900 XT Speedster Black MERC 310 RX-79TMERCB9 20GB GDDR6 320-bit PCI-E 4.0 Desktop Graphics Card                                                                ,False ,-99      ,Graphics Cards
Galax GeForce RTX 4090 HOF 49NXM5MD6PHE 24GB GDDR6X 384-Bit PCIe 4.0 Desktop Graphics Card                                                                                    ,False ,-99      ,Graphics Cards
Gigabyte Radeon RX 7900 XT 20G GV-R79XT-20GC-B 20GB GDDR6 320-bit PCIe 4.0 Desktop Graphics Card                                                                              ,False ,-99      ,Graphics Cards
Gigabyte Radeon RX 7900 XT GAMING OC 20G GV-R79XTGAMING-OC-20GD 20GB GDDR6 320-bit PCIe 4.0 Desktop Graphics Card                                                             ,True  ,23272.00 ,Graphics Cards
ASRock Radeon RX 7900 XT Phantom Gaming OC RX7900XT PG 20GO 20GB GDDR6 320-bit PCI-E 4.0 Desktop Graphics Card                                                                ,False ,-99      ,Graphics Cards
ASRock Radeon RX 7900 XTX Phantom Gaming OC RX7900XTX PG 24GO 24GB GDDR6 384-bit PCIe 4.0 Desktop Graphics Card                                                               ,False ,-99      ,Graphics Cards
PowerColor Radeon RX 7900 XT 20G 20GB GDDR6 320-bit PCIe 4.0 Desktop Graphics Card                                                                                            ,False ,-99      ,Graphics Cards
PowerColor Radeon RX 7900 XTX 24G 24GB GDDR6 384-bit PCIe 4.0 Desktop Graphics Card                                                                                           ,False ,-99      ,Graphics Cards
Galax GeForce RTX 4070 Ti Serious Gaming 47IOM7MD6MSG 12GB GDDR6X 192-Bit PCI-E 4.0 Desktop Graphics Card                                                                     ,False ,-99      ,Graphics Cards
PowerColor Radeon RX 7900 XT Red Devil 20G 20GB GDDR6 320-bit PCIe 4.0 Desktop Graphics Card                                                                                  ,False ,-99      ,Graphics Cards
PowerColor Radeon RX 7900 XTX Red Devil 24G 24GB GDDR6 384-bit PCIe 4.0 Desktop Graphics Card                                                                                 ,False ,-99      ,Graphics Cards
ASUS GeForce RTX 4090 ROG Strix White OC Edition 24GB GDDR6X 384-bit PCIe 4.0 Desktop Graphics Card                                                                           ,False ,-99      ,Graphics Cards
PowerColor Radeon RX 7900 XTX Red Devil Limited Edition 24G 24GB GDDR6 384-bit PCIe 4.0 Desktop Graphics Card                                                                 ,False ,-99      ,Graphics Cards
PowerColor Radeon RX 7900 XTX Hellhound 24G 24GB GDDR6 384-bit PCIe 4.0 Desktop Graphics Card                                                                                 ,False ,-99      ,Graphics Cards
PowerColor Radeon RX 7900 XT Hellhound 20G 20GB GDDR6 320-bit PCIe 4.0 Desktop Graphics Card                                                                                  ,False ,-99      ,Graphics Cards
MSI GeForce RTX 4070 Ti GAMING TRIO 12GB GDDR6X 192-Bit PCIe 4.0 Desktop Graphics Card                                                                                        ,False ,-99      ,Graphics Cards
MSI GeForce RTX 4070 Ti SUPRIM 12GB GDDR6X 192-Bit PCIe 4.0 Desktop Graphics Card                                                                                             ,False ,-99      ,Graphics Cards
Gigabyte GeForce RTX 4070 Ti Aorus Elite 12G GV-N407TAORUS E-12GD 192-Bit PCIe 4.0 Desktop Graphics Card                                                                      ,True  ,23878.00 ,Graphics Cards
ASUS GeForce RTX 4070 Ti ROG Strix Gaming ROG-STRIX-RTX4070TI-12G-GAMING 12GB GDDR6X 192-Bit PCIe 4.0 Desktop Graphics Card                                                   ,False ,-99      ,Graphics Cards
ASUS GeForce RTX 4080 ROG Strix White OC Edtion ASUS-ROG-STRIX-RTX4080-O16G-WHITE 16GB GDDR6X 256-Bit PCIe 4.0 Desktop Graphics Card                                          ,False ,-99      ,Graphics Cards
MSI Radeon RX 7900 XT Gaming Trio Classic 20G 20GB GDDR6 320-bit PCIe 4.0 Desktop Graphics Card                                                                               ,False ,-99      ,Graphics Cards
ASUS GeForce RTX 4090 ROG Strix White Edition ROG-STRIX-RTX4090-24G-WHITE 24GB GDDR6X 384-bit PCIe 4.0 Desktop Graphics Card                                                  ,False ,-99      ,Graphics Cards
ASUS GeForce RTX 4080 ROG Strix White Edtion ROG-STRIX-RTX4080-16G-WHITE 16GB GDDR6X 256-Bit PCIe 4.0 Desktop Graphics Card                                                   ,False ,-99      ,Graphics Cards
Gigabyte GeForce RTX 3050 WindForce 2X OC 8G GV-N3050WF2OC-8GD 8GB GDDR6 128-bit PCIe 4.0 Desktop Graphics Card                                                               ,True  ,6299.00  ,Graphics Cards
ASUS GeForce GT 710 GT710-SL-2GD3-BRK-EVO 2GB DDR3 64-bit PCI-E 2.0 Desktop Graphics Card                                                                                     ,False ,-99      ,Graphics Cards
Zotac GeForce RTX 4070 Trinity ZT-D40700D-10P ​12GB GDDR6X 192-bit PCIe 4.0 Desktop Graphics Card                                                                              ,False ,-99      ,Graphics Cards
ASUS GeForce RTX 4070 ROG Strix ROG-STRIX-RTX4070-12G-GAMING 12GB GDDR6X 192-Bit PCIe 4.0 Desktop Graphics Card                                                               ,False ,-99      ,Graphics Cards
ASUS GeForce RTX 3060 Ti Dual OC Edition DUAL-RTX3060TI-O8GD6X 8GB GDDR6X 256-bit PCIe 4.0 Desktop Graphics Card                                                              ,True  ,10950.00 ,Graphics Cards
ASUS GeForce RTX 3060 Dual White OC Edition DUAL-RTX3060-O8G-WHITE 8GB GDDR6 128-bit PCI-E 4.0 Desktop Graphics Card                                                          ,False ,-99      ,Graphics Cards
Palit GeForce RTX 4080 GamingPro NED4080019T2-1032A ​16GB GDDR6X 256-bit PCIe 4.0 Desktop Graphics Card                                                                        ,False ,-99      ,Graphics Cards
GALAX GeForce RTX 4070 EX Gamer 1-Click OC 47NOM7MD7JEG 12GB GDDR6X 192-Bit PCIe 4.0 Desktop Graphics Card                                                                    ,False ,-99      ,Graphics Cards
GALAX GeForce RTX 4070 EX Gamer White 1-Click OC 47NOM7MD7KWH 12GB GDDR6X 192-Bit PCIe 4.0 Desktop Graphics Card                                                              ,False ,-99      ,Graphics Cards
GALAX GeForce RTX 4070 1-Click OC 3X 47NOM7MD7QOC 12GB GDDR6X 192-Bit PCIe 4.0 Desktop Graphics Card                                                                          ,False ,-99      ,Graphics Cards
GALAX GeForce RTX 4070 EX Gamer Pink 1-Click OC 47NOM7MD7LPK 12GB GDDR6X 192-Bit PCIe 4.0 Desktop Graphics Card                                                               ,False ,-99      ,Graphics Cards
Palit GeForce RTX 4060 Ti Dual OC NE6406TT19P1-1060D 8GB GDDR6 128-Bit PCIe 4.0 Desktop Graphics Card                                                                         ,False ,-99      ,Graphics Cards
GALAX GeForce RTX 4060 Ti EX 46ISL8MD8AEX 8GB GDDR6 128-Bit PCIe 4.0 Desktop Graphics Card                                                                                    ,False ,-99      ,Graphics Cards
GALAX GeForce RTX 4060 Ti 1-Click OC 46ISL8MD8COC 8GB GDDR6 128-Bit PCIe 4.0 Desktop Graphics Card                                                                            ,False ,-99      ,Graphics Cards
GALAX GeForce RTX 4060 Ti EX White 46ISL8MD8BWE 8GB GDDR6 128-Bit PCIe 4.0 Desktop Graphics Card                                                                              ,False ,-99      ,Graphics Cards
ASUS GeForce RTX 4060 Ti TUF Gaming OC Edition ASUS TUF-RTX4060TI-O8G-GAMING 8GB GDDR6 128-Bit PCIe 4.0 Desktop Graphics Card                                                 ,True  ,12890.00 ,Graphics Cards
ZOTAC GeForce RTX 4060 Ti 8GB Twin Edge OC White Edition ZT-D40610Q-10M 8GB GDDR6 128-Bit PCIe 4.0 Desktop Graphics Card                                                      ,False ,-99      ,Graphics Cards
ZOTAC GeForce RTX 4060 Ti 8GB Twin Edge OC SPIDER-MAN ZT-D40610H-10SMP 8GB GDDR6 128-Bit PCIe 4.0 Desktop Graphics Card                                                       ,False ,-99      ,Graphics Cards
ASUS Radeon RX 7600 Dual V2 OC Edition DUAL-RX7600-O8G-V2 8GB GDDR6 128-bit PCIe 4.0 Desktop Graphics Card                                                                    ,False ,-99      ,Graphics Cards
ASUS Radeon RX 7600 ROG Strix OC Edition ROG-STRIX-RX7600-O8G-GAMING 8GB GDDR6 128-bit PCIe 4.0 Desktop Graphics Card                                                         ,False ,-99      ,Graphics Cards
MSI GeForce RTX 4060 Ti VENTUS 2X BLACK 8G OC 8GB GDDR6 128-Bit PCIe 4.0 Desktop Graphics Card                                                                                ,False ,-99      ,Graphics Cards
ASUS GeForce GTX 1630 Phoenix 4G PH-GTX1630-4G 4GB GDDR6 64-bit PCIe 3.0 Desktop Graphics Card                                                                                ,False ,-99      ,Graphics Cards
ASUS Radeon RX 6400 DUAL DUAL-RX6400-4G 4GB GDDR6 64-bit PCIe 4.0 x4 Desktop Graphics Card                                                                                    ,False ,-99      ,Graphics Cards
ASUS Radeon RX 560 DUAL DUAL-RX560-4G 4GB GDDR5 128-bit PCIe 3.0 Desktop Graphics Card                                                                                        ,False ,-99      ,Graphics Cards
GALAX GeForce RTX 4060 1-Click OC 2X 46NSL8MD8LOC 8GB GDDR6 128-Bit PCIe 4.0 Desktop Graphics Card                                                                            ,False ,-99      ,Graphics Cards
GALAX GeForce RTX 4060 EX 1-Click OC 46NSL8MD8MEX 8GB GDDR6 128-Bit PCIe 4.0 Desktop Graphics Card                                                                            ,False ,-99      ,Graphics Cards
GALAX GeForce RTX 4060 EX White 1-Click OC 46NSL8MD8NWE 8GB GDDR6 128-Bit PCIe 4.0 Desktop Graphics Card                                                                      ,False ,-99      ,Graphics Cards
Gigabyte GeForce RTX 4060 Ti WINDFORCE OC 8G GV-N406TWF2OC-8GD 8GB GDDR6 128-Bit PCIe 4.0 Desktop Graphics Card                                                               ,True  ,9788.00  ,Graphics Cards
ASUS GeForce RTX 4060 Ti Dual DUAL-RTX4060TI-O16G 16GB GDDR6 128-Bit PCIe 4.0 Desktop Graphics Card                                                                           ,False ,-99      ,Graphics Cards
Zotac GeForce RTX 4060 Ti AMP Spider-Man ZT-D40620F-10SMP 16GB GDDR6 128-Bit PCIe 4.0 Desktop Graphics Card                                                                   ,False ,-99      ,Graphics Cards
ASUS GeForce RTX 4060 Ti Strix OC Edition ROG-STRIX-RTX4060TI-O16G-GAMING 16GB GDDR6 128-Bit PCIe 4.0 Desktop Graphics Card                                                   ,False ,-99      ,Graphics Cards
ZOTAC GeForce RTX 4060 Ti 8GB Twin Edge OC ZT-D40610H-10M 8GB GDDR6 128-Bit PCIe 4.0 Desktop Graphics Card                                                                    ,False ,-99      ,Graphics Cards
MSI GeForce RTX 4060 VENTUS 2X BLACK 8G RTX-4060-VENTUS-2X-BLACK-8G 8GB GDDR6 128-Bit PCIe 4.0 Desktop Graphics Card                                                          ,False ,-99      ,Graphics Cards
ASUS Radeon RX 7800 XT TUF GAMING OC TUF-RX7800XT-O16G-GAMING 16GB GDDR6 256-Bit PCIe 4.0 Desktop Graphics Card                                                               ,True  ,15588.00 ,Graphics Cards
ASUS Radeon RX 7800 XT TUF GAMING White OC Edition TUF-RX7800XT-O16G-WHITE-GAMING 16GB GDDR6 256-Bit PCIe 4.0 Desktop Graphics Card                                           ,False ,-99      ,Graphics Cards
ASRock Radeon RX 6600 Challenger 8G 8GB GDDR6 128-bit PCI-E 4.0 Desktop Graphics Card                                                                                         ,False ,-99      ,Graphics Cards
ASRock Radeon RX 7600 Challenger 8G OC 8GB GDDR6 128-Bit PCIe 4.0 Desktop Graphics Card                                                                                       ,False ,-99      ,Graphics Cards
MSI GeForce RTX 4060 Ti GAMING X SLIM WHITE 16G 16GB GDDR6 128-Bit PCIe 4.0 Desktop Graphics Card                                                                             ,True  ,14736.00 ,Graphics Cards
MSI GeForce RTX 4070 GAMING X SLIM 12G RTX-4070-GAMING-X-SLIM-12G 12GB GDDR6X 192-Bit PCIe 4.0 Desktop Graphics Card                                                          ,True  ,18184.00 ,Graphics Cards
MSI GeForce RTX 4070 GAMING X SLIM WHITE 12G RTX-4070-GAMING-X-SLIM-WHITE-12G 12GB GDDR6X 192-Bit PCIe 4.0 Desktop Graphics Card                                              ,True  ,18451.00 ,Graphics Cards
MSI GeForce RTX 4070 Ti GAMING X SLIM 12G RTX-4070-Ti-GAMING-X-SLIM-12G 12GB GDDR6X 192-Bit PCIe 4.0 Desktop Graphics Card                                                    ,True  ,20155.00 ,Graphics Cards
ASUS GeForce RTX 3050 Phoenix V2 PH-RTX3050-8G-V2 8GB GDDR6 128-bit PCI Express 4.0 Desktop Graphics Card                                                                     ,True  ,6350.00  ,Graphics Cards
ASRock Radeon RX 7700 XT Challenger 12G OC RX7700XT-CL-12GO 12GB GDDR6 192-Bit PCIe 4.0 Desktop Graphics Card                                                                 ,True  ,12199.00 ,Graphics Cards
ASRock Radeon RX 6500 XT Phantom Gaming D 4GB OC RX6500XT PGD 4GO 4GB GDDR6 64-bit PCIe 4.0 x4 Desktop Graphics Card                                                          ,False ,-99      ,Graphics Cards
ASRock Radeon RX 7600 Phantom Gaming 8GB OC RX7600 PG 8GO 8GB GDDR6 128-Bit PCIe 4.0 Desktop Graphics Card                                                                    ,False ,-99      ,Graphics Cards
ASRock Radeon RX 7700 XT Steel Legend 12GB OC RX7700XT SL 12GO 12GB GDDR6 192-Bit PCIe 4.0 White Desktop Graphics Card                                                        ,False ,-99      ,Graphics Cards
ASRock Radeon RX 7800 XT Steel Legend 16GB OC RX7800XT SL 16GO 16GB GDDR6 256-Bit PCIe 4.0 White Desktop Graphics Card                                                        ,False ,-99      ,Graphics Cards
ASRock Radeon RX 7900 XTX Phantom Gaming RX7900XTX PG 24G 24GB GDDR6 384-bit PCIe 4.0 Desktop Graphics Card                                                                   ,True  ,23999.00 ,Graphics Cards
Gigabyte GeForce RTX 4060 Ti WINDFORCE OC 16G GV-N406TWF2OC-16GD 16GB GDDR6 128-Bit PCIe 4.0 Desktop Graphics Card                                                            ,True  ,12300.00 ,Graphics Cards
XFX Radeon RX 7800 XT SPEEDSTER QICK319 CORE WHITE RX-78TQICKW9 16GB GDDR6 256-Bit PCIe 4.0 Desktop Graphics Card                                                             ,False ,-99      ,Graphics Cards
Acer Radeon RX 7600 Predator BiFrost 8G OC DP.Z36WW.P02 8GB GDDR6 128-Bit PCIe 4.0 Desktop Graphics Card                                                                      ,False ,-99      ,Graphics Cards
Gigabyte GeForce RTX 4060 OC Low Profile 8G GV-N4060OC-8GL 8GB GDDR6 128-Bit PCIe 4.0 Desktop Graphics Card                                                                   ,False ,-99      ,Graphics Cards
AMD Radeon Pro W6400 4GB GDDR6 64-bit PCIe 4.0 x4 Workstation Graphics Card                                                                                                   ,True  ,6399.00  ,Graphics Cards
HP 6YT68AA AMD Radeon Pro WX 3200 4GB GDDR5 128-bit PCIe 3.0 x8 Workstation Graphics Card                                                                                     ,True  ,6274.00  ,Graphics Cards
Leadtek RTX 4000 Ada Generation 126V0000200 20GB GDDR6 ECC 160-Bit PCIe 4.0 Workstation Graphics Card                                                                         ,False ,-99      ,Graphics Cards
Leadtek RTX 4500 Ada Generation 126V4000100 24GB GDDR6 ECC 192-Bit PCIe 4.0 Workstation Graphics Card                                                                         ,False ,-99      ,Graphics Cards
Leadtek RTX 5000 Ada Generation 126V5000100 32GB GDDR6 ECC 256-Bit PCIe 4.0 Workstation Graphics Card                                                                         ,False ,-99      ,Graphics Cards
Leadtek RTX 6000 Ada Generation 126U3000100 48GB GDDR6 ECC 384-Bit PCIe 4.0 Workstation Graphics Card                                                                         ,False ,-99      ,Graphics Cards
Zotac GeForce RTX 3050 ECO SOLO ZT-A30500R-10L 8GB GDDR6 128-bit PCI-E 4.0 Desktop Graphics Card                                                                              ,False ,-99      ,Graphics Cards
