Title,Price,In Stock,Category,URL
AMD Ryzen 3 4100 Renoir 4-Core 3.80GHz AM4 65W 100-100000510BOX Desktop Processor,1630.99,True,CPUs / Processors,https://www.rebeltech.co.za/amd-ryzen-3-4100-renoir-4-core-3-80ghz-am4-65w-100-100000510box-desktop-processor.html
AMD Ryzen 5 4500 Renoir 6-Core 3.60GHz AM4 65W 100-100000644BOX Desktop Processor,1798.49,True,CPUs / Processors,https://www.rebeltech.co.za/amd-ryzen-5-4500-renoir-6-core-3-60ghz-am4-65w-100-100000644box-desktop-processor.html
Intel Core i3-12100F Alder Lake 4-Core 3.30GHz LGA1700 58W BX8071512100F Desktop Processor,2141.49,True,CPUs / Processors,https://www.rebeltech.co.za/intel-core-i3-12100f-alder-lake-4-core-3-30ghz-lga1700-58w-bx8071512100f-desktop-processor.html
AMD Ryzen 5 5500 Cezanne 6-Core 3.60GHz AM4 65W 100-100000457BOX Desktop Processor,2260.49,True,CPUs / Processors,https://www.rebeltech.co.za/amd-ryzen-5-5500-cezanne-6-core-3-60ghz-am4-65w-100-100000457box-desktop-processor.html
AMD Ryzen 3 4300G Renoir 4-Core 3.80GHz AM4 65W 100-100000144BOX Desktop Processor,2681.49,True,CPUs / Processors,https://www.rebeltech.co.za/amd-ryzen-3-4300g-renoir-4-core-3-80ghz-am4-65w-100-100000144box-desktop-processor.html
Intel Core i3-12100 Alder Lake 4-Core 3.30GHz LGA1700 60W BX8071512100 Desktop Processor,2805.99,True,CPUs / Processors,https://www.rebeltech.co.za/intel-core-i3-12100-alder-lake-4-core-3-30ghz-lga1700-60w-bx8071512100-desktop-processor.html
Intel Core i3-13100F Raptor Lake 4-Core 3.40GHz LGA1700 58W BX8071513100F Desktop Processor,2867.99,True,CPUs / Processors,https://www.rebeltech.co.za/intel-core-i3-13100f-raptor-lake-4-core-3-40ghz-lga1700-58w-bx8071513100f-desktop-processor.html
AMD Ryzen 5 5500GT Vermeer 6-Core 3.6GHz AM4 65W 100-100001489BOX Desktop Processor,3013.49,True,CPUs / Processors,https://www.rebeltech.co.za/amd-ryzen-5-5500gt-vermeer-6-core-3-6ghz-am4-65w-100-100001489box-desktop-processor.html
Intel Core i5-12400F Alder Lake 6-Core 2.50GHz LGA1700 65W BX8071512400F Desktop Processor,3077.99,True,CPUs / Processors,https://www.rebeltech.co.za/intel-core-i5-12400f-alder-lake-6-core-2-50ghz-lga1700-65w-bx8071512400f-desktop-processor.html
AMD Ryzen 5 5600G Cezanne 6-Core 3.90GHz AM4 65W 100-100000252BOX Desktop Processor,3292.99,True,CPUs / Processors,https://www.rebeltech.co.za/amd-ryzen-5-5600g-cezanne-6-core-3-90ghz-am4-65w-100-100000252box-desktop-processor.html
AMD Ryzen 5 5600X Vermeer 6-Core 3.70GHz AM4 65W 100-100000065BOX Desktop Processor,3634.49,True,CPUs / Processors,https://www.rebeltech.co.za/amd-ryzen-5-5600x-vermeer-6-core-3-70ghz-am4-65w-100-100000065box-desktop-processor.html
Intel Core i5-11400F Rocket Lake 6-Core 2.60GHz LGA1200 65W BX8070811400F Desktop Processor,3724.99,True,CPUs / Processors,https://www.rebeltech.co.za/intel-core-i5-11400f-rocket-lake-6-core-2-60ghz-lga1200-65w-bx8070811400f-desktop-processor.html
Intel Core i5-12400 Alder Lake 6-Core 2.50GHz LGA1700 65W BX8071512400 Desktop Processor,3749.99,True,CPUs / Processors,https://www.rebeltech.co.za/intel-core-i5-12400-alder-lake-6-core-2-50ghz-lga1700-65w-bx8071512400-desktop-processor.html
Intel Core i5-11400 Rocket Lake 6-Core 2.60GHz LGA1200 65W BX8070811400 Desktop Processor,4407.99,True,CPUs / Processors,https://www.rebeltech.co.za/intel-core-i5-11400-rocket-lake-6-core-2-60ghz-lga1200-65w-bx8070811400-desktop-processor.html
AMD Ryzen 7 5700X Vermeer 8-Core 3.40GHz AM4 65W 100-100000926WOF Desktop Processor,4471.49,True,CPUs / Processors,https://www.rebeltech.co.za/amd-ryzen-7-5700x-vermeer-8-core-3-40ghz-am4-65w-100-100000926wof-desktop-processor.html
Intel Core i5-12600KF Alder Lake 10-Core 3.70GHz LGA1700 125W BX8071512600KF Desktop Processor,4631.49,True,CPUs / Processors,https://www.rebeltech.co.za/intel-core-i5-12600kf-alder-lake-10-core-3-70ghz-lga1700-125w-bx8071512600kf-desktop-processor.html
AMD Ryzen 7 Pro 4750G Renoir 8-Core 3.60GHz AM4 65W 100-100000145MPK Desktop Processor,4830.49,True,CPUs / Processors,https://www.rebeltech.co.za/amd-ryzen-7-pro-4750g-renoir-8-core-3-60ghz-am4-65w-100-100000145mpk-desktop-processor.html
AMD Ryzen 5 7600 Raphael 6-Core 3.80GHz AM5 65W 100-100001015BOX Desktop Processor,4944.49,True,CPUs / Processors,https://www.rebeltech.co.za/amd-ryzen-5-7600-raphael-6-core-3-80ghz-am5-65w-100-100001015box-desktop-processor.html
AMD Ryzen 7 5700G Cezanne 8-Core 3.80GHz AM4 65W 100-100000263BOX Desktop Processor,4954.49,True,CPUs / Processors,https://www.rebeltech.co.za/amd-ryzen-7-5700g-cezanne-8-core-3-80ghz-am4-65w-100-100000263box-desktop-processor.html
Intel Core i5-13500 Raptor Lake 14-Core 2.50GHz LGA1700 65W BX8071513500 Desktop Processor,5376.99,True,CPUs / Processors,https://www.rebeltech.co.za/intel-core-i5-13500-raptor-lake-14-core-2-50ghz-lga1700-65w-bx8071513500-desktop-processor.html
Intel Core i5-12600 Alder Lake 6-Core 3.30GHz LGA1700 65W BX8071512600 Desktop Processor,5401.49,True,CPUs / Processors,https://www.rebeltech.co.za/intel-core-i5-12600-alder-lake-6-core-3-30ghz-lga1700-65w-bx8071512600-desktop-processor.html
AMD Ryzen 5 7600X Raphael 6-Core 4.70GHz AM5 105W 100-100000593WOF Desktop Processor,5500.99,True,CPUs / Processors,https://www.rebeltech.co.za/amd-ryzen-5-7600x-raphael-6-core-4-70ghz-am5-105w-100-100000593wof-desktop-processor.html
Intel Core i5-11500 Rocket Lake 6-Core 2.70GHz LGA1200 65W BX8070811500 Desktop Processor,5587.99,True,CPUs / Processors,https://www.rebeltech.co.za/intel-core-i5-11500-rocket-lake-6-core-2-70ghz-lga1200-65w-bx8070811500-desktop-processor.html
Intel Core i5-12600K Alder Lake 10-Core 3.70GHz LGA1700 125W BX8071512600K Desktop Processor,5809.00,True,CPUs / Processors,https://www.rebeltech.co.za/intel-core-i5-12600k-alder-lake-10-core-3-70ghz-lga1700-125w-bx8071512600k-desktop-processor.html
Intel Core i5-11600 Rocket Lake 6-Core 2.80GHz LGA1200 65W BX8070811600 Desktop Processor,6084.99,True,CPUs / Processors,https://www.rebeltech.co.za/intel-core-i5-11600-rocket-lake-6-core-2-80ghz-lga1200-65w-bx8070811600-desktop-processor.html
AMD Ryzen 7 5700X3D Vermeer 8-Core 3.0GHz AM4 105W 100-100001503WOF Desktop Processor,6110.99,True,CPUs / Processors,https://www.rebeltech.co.za/amd-ryzen-7-5700x3d-vermeer-8-core-3-0ghz-am4-105w-100-100001503wof-desktop-processor.html
AMD Ryzen 7 5800X3D Vermeer 8-Core 3.80GHz AM4 105W 100-100000651WOF Desktop Processor,7094.49,True,CPUs / Processors,https://www.rebeltech.co.za/amd-ryzen-7-5800x3d-vermeer-8-core-3-80ghz-am4-105w-100-100000651wof-desktop-processor.html
Intel Core i5-14600KF Raptor Lake 14-Core 3.50GHz LGA1700 125W BX8071514600KF Desktop Processor,7158.99,True,CPUs / Processors,https://www.rebeltech.co.za/intel-core-i5-14600kf-raptor-lake-14-core-3-50ghz-lga1700-125w-bx8071514600kf-desktop-processor.html
Intel Core i5-13600KF Raptor Lake 14-Core 3.50GHz LGA1700 125W BX8071513600KF Desktop Processor,7189.99,True,CPUs / Processors,https://www.rebeltech.co.za/intel-core-i5-13600kf-raptor-lake-14-core-3-50ghz-lga1700-125w-bx8071513600kf-desktop-processor.html
Intel Core i5-11600KF Rocket Lake 6-Core 3.90GHz LGA1200 125W BX8070811600KF Desktop Processor,7326.99,True,CPUs / Processors,https://www.rebeltech.co.za/intel-core-i5-11600kf-rocket-lake-6-core-3-90ghz-lga1200-125w-bx8070811600kf-desktop-processor.html
AMD Ryzen 9 5900X Vermeer 12-Core 3.70GHz AM4 105W 100-100000061WOF Desktop Processor,7438.49,True,CPUs / Processors,https://www.rebeltech.co.za/amd-ryzen-9-5900x-vermeer-12-core-3-70ghz-am4-105w-100-100000061wof-desktop-processor.html
Intel Core i7-12700KF Alder Lake 12-Core 3.60GHz LGA1700 125W BX8071512700KF Desktop Processor,7459.00,True,CPUs / Processors,https://www.rebeltech.co.za/intel-core-i7-12700kf-alder-lake-12-core-3-60ghz-lga1700-125w-bx8071512700kf-desktop-processor.html
Intel Core i5-11600K Rocket Lake 6-Core 3.90GHz LGA1200 125W BX8070811600K Desktop Processor,7512.99,True,CPUs / Processors,https://www.rebeltech.co.za/intel-core-i5-11600k-rocket-lake-6-core-3-90ghz-lga1200-125w-bx8070811600k-desktop-processor.html
Intel Core i5-14600K Raptor Lake 14-Core 3.50GHz LGA1700 125W BX8071514600K Desktop Processor,7788.99,True,CPUs / Processors,https://www.rebeltech.co.za/intel-core-i5-14600k-raptor-lake-14-core-3-50ghz-lga1700-125w-bx8071514600k-desktop-processor.html
Intel Core i7-11700 Rocket Lake 8-Core 2.50GHz LGA1200 65W CM8070804491214 Desktop Processor,7823.49,True,CPUs / Processors,https://www.rebeltech.co.za/intel-core-i7-11700-rocket-lake-8-core-2-50ghz-lga1200-65w-cm8070804491214-desktop-processor.html
AMD Ryzen 7 7700X Raphael 8-Core 4.50GHz AM5 105W 100-100000591WOF Desktop Processor,7989.99,True,CPUs / Processors,https://www.rebeltech.co.za/amd-ryzen-7-7700x-raphael-8-core-4-50ghz-am5-105w-100-100000591wof-desktop-processor.html
AMD Ryzen 7 8700G Phoenix 8-Core 4.20GHz AM5 65W 100-100001236BOX Desktop Processor,8018.49,True,CPUs / Processors,https://www.rebeltech.co.za/amd-ryzen-7-8700g-phoenix-8-core-4-20ghz-am5-65w-100-100001236box-desktop-processor.html
Intel Core i7-12700F Alder Lake 12-Core 2.10GHz LGA1700 65W BX8071512700F Desktop Processor,8071.99,True,CPUs / Processors,https://www.rebeltech.co.za/intel-core-i7-12700f-alder-lake-12-core-2-10ghz-lga1700-65w-bx8071512700f-desktop-processor.html
Intel Core i7-12700 Alder Lake 12-Core 2.10GHz LGA1700 65W BX8071512700 Desktop Processor,8195.99,True,CPUs / Processors,https://www.rebeltech.co.za/intel-core-i7-12700-alder-lake-12-core-2-10ghz-lga1700-65w-bx8071512700-desktop-processor.html
Intel Core i7-11700F Rocket Lake 8-Core 2.50GHz LGA1200 65W BX8070811700F Desktop Processor,8382.49,True,CPUs / Processors,https://www.rebeltech.co.za/intel-core-i7-11700f-rocket-lake-8-core-2-50ghz-lga1200-65w-bx8070811700f-desktop-processor.html
Intel Core i7-11700KF Rocket Lake 8-Core 3.60GHz LGA1200 125W BX8070811700KF Desktop Processor,8692.99,True,CPUs / Processors,https://www.rebeltech.co.za/intel-core-i7-11700kf-rocket-lake-8-core-3-60ghz-lga1200-125w-bx8070811700kf-desktop-processor.html
Intel Core i7-13700F Raptor Lake 16-Core 2.10GHz LGA1700 65W BX8071513700F Desktop Processor,8941.49,True,CPUs / Processors,https://www.rebeltech.co.za/intel-core-i7-13700f-raptor-lake-16-core-2-10ghz-lga1700-65w-bx8071513700f-desktop-processor.html
AMD Ryzen 7 7800X3D Raphael 8-Core 4.20GHz AM5 120W 100-100000910WOF Desktop Processor,8957.49,True,CPUs / Processors,https://www.rebeltech.co.za/amd-ryzen-7-7800x3d-raphael-8-core-4-20ghz-am5-120w-100-100000910wof-desktop-processor.html
Intel Core i7-11700 Rocket Lake 8-Core 2.50GHz LGA1200 65W BX8070811700 Desktop Processor,9313.99,True,CPUs / Processors,https://www.rebeltech.co.za/intel-core-i7-11700-rocket-lake-8-core-2-50ghz-lga1200-65w-bx8070811700-desktop-processor.html
Intel Core i7-12700K Alder Lake 12-Core 3.60GHz LGA1700 125W BX8071512700K Desktop Processor,9375.99,True,CPUs / Processors,https://www.rebeltech.co.za/intel-core-i7-12700k-alder-lake-12-core-3-60ghz-lga1700-125w-bx8071512700k-desktop-processor.html
AMD Ryzen 9 7900X Raphael 12-Core 4.70GHz AM5 170W 100-100000589WOF Desktop Processor,9584.99,True,CPUs / Processors,https://www.rebeltech.co.za/amd-ryzen-9-7900x-raphael-12-core-4-70ghz-am5-170w-100-100000589wof-desktop-processor.html
Intel Core i7-14700KF Raptor Lake 20-Core 3.40GHz LGA1700 125W BX8071514700KF Desktop Processor,9624.49,True,CPUs / Processors,https://www.rebeltech.co.za/intel-core-i7-14700kf-raptor-lake-s-20-core-3-40ghz-lga1700-125w-bx8071514700kf-desktop-processor.html
Intel Core i7-11700K Rocket Lake 8-Core 3.60GHz LGA1200 125W BX8070811700K Desktop Processor,9934.99,True,CPUs / Processors,https://www.rebeltech.co.za/intel-core-i7-11700k-rocket-lake-8-core-3-60ghz-lga1200-125w-bx8070811700k-desktop-processor.html
Intel Core i7-13700K Raptor Lake 16-Core 3.40GHz LGA1700 125W BX8071513700K Desktop Processor,10058.99,True,CPUs / Processors,https://www.rebeltech.co.za/intel-core-i7-13700k-raptor-lake-16-core-3-40ghz-lga1700-125w-bx8071513700k-desktop-processor.html
Intel Core i9-12900KF Alder Lake 16-Core 3.20GHz LGA1700 125W BX8071512900KF Desktop Processor,10169.00,True,CPUs / Processors,https://www.rebeltech.co.za/intel-core-i9-12900kf-alder-lake-16-core-3-20ghz-lga1700-125w-bx8071512900kf-desktop-processor.html
Intel Core i7-14700K Raptor Lake 20-Core 3.40GHz LGA1700 125W BX8071514700K Desktop Processor,10455.49,True,CPUs / Processors,https://www.rebeltech.co.za/intel-core-i7-14700k-raptor-lake-s-20-core-3-40ghz-lga1700-125w-bx8071514700k-desktop-processor.html
Intel Core i9-12900K-S Alder Lake 16-Core 3.40GHz LGA1700 150W BX8071512900K-S Desktop Processor,10479.00,True,CPUs / Processors,https://www.rebeltech.co.za/intel-core-i9-12900ks-alder-lake-16-core-3-40ghz-lga1700-150w-bx8071512900ks-desktop-processor.html
AMD Ryzen 9 7900X3D Raphael 12-Core 4.40GHz AM5 120W 100-100000909WOF Desktop Processor,10814.49,True,CPUs / Processors,https://www.rebeltech.co.za/amd-ryzen-9-7900x3d-raphael-12-core-4-40ghz-am5-120w-100-100000909wof-desktop-processor.html
Intel Core i9-12900F Alder Lake 16-Core 2.40GHz LGA1700 65W BX8071512900F Desktop Processor,11971.99,True,CPUs / Processors,https://www.rebeltech.co.za/intel-core-i9-12900f-alder-lake-16-core-2-40ghz-lga1700-65w-bx8071512900f-desktop-processor.html
Intel Core i9-11900KF Rocket Lake 8-Core 3.50GHz LGA1200 125W BX8070811900KF Desktop Processor,12046.49,True,CPUs / Processors,https://www.rebeltech.co.za/intel-core-i9-11900kf-rocket-lake-8-core-3-50ghz-lga1200-125w-bx8070811900kf-desktop-processor.html
Intel Core i9-11900F Rocket Lake 8-Core 2.50GHz LGA1200 65W BX8070811900F Desktop Processor,12418.99,True,CPUs / Processors,https://www.rebeltech.co.za/intel-core-i9-11900f-rocket-lake-8-core-2-50ghz-lga1200-65w-bx8070811900f-desktop-processor.html
Intel Core i9-12900K Alder Lake 16-Core 3.20GHz LGA1700 125W BX8071512900K Desktop Processor,12977.99,True,CPUs / Processors,https://www.rebeltech.co.za/intel-core-i9-12900k-alder-lake-16-core-3-20ghz-lga1700-125w-bx8071512900k-desktop-processor.html
Intel Core i9-11900 Rocket Lake 8-Core 2.50GHz LGA1200 65W BX8070811900 Desktop Processor,13101.99,True,CPUs / Processors,https://www.rebeltech.co.za/intel-core-i9-11900-rocket-lake-8-core-2-50ghz-lga1200-65w-bx8070811900-desktop-processor.html
AMD Ryzen 9 7950X Raphael 16-Core 4.50GHz AM5 170W 100-100000514WOF Desktop Processor,13163.99,True,CPUs / Processors,https://www.rebeltech.co.za/amd-ryzen-9-7950x-raphael-16-core-4-50ghz-am5-170w-100-100000514wof-desktop-processor.html
Intel Core i9-11900K Rocket Lake 8-Core 3.50GHz LGA1200 125W BX8070811900K Desktop Processor,13226.49,True,CPUs / Processors,https://www.rebeltech.co.za/intel-core-i9-11900k-rocket-lake-8-core-3-50ghz-lga1200-125w-bx8070811900k-desktop-processor.html
Intel Core i9-13900F Raptor Lake 24-Core 2.00GHz LGA1700 65W BX8071513900F Desktop Processor,13238.49,True,CPUs / Processors,https://www.rebeltech.co.za/intel-core-i9-13900f-raptor-lake-24-core-2-00ghz-lga1700-65w-bx8071513900f-desktop-processor.html
Intel Core i9-14900KF Raptor Lake 24-Core 3.20GHz LGA1700 125W BX8071514900KF Desktop Processor,13845.99,True,CPUs / Processors,https://www.rebeltech.co.za/intel-core-i9-14900kf-raptor-lake-24-core-3-20ghz-lga1700-125w-bx8071514900kf-desktop-processor.html
Intel Core i9-13900K Raptor Lake 24-Core 3.00GHz LGA1700 125W BX8071513900K Desktop Processor,14468.49,True,CPUs / Processors,https://www.rebeltech.co.za/intel-core-i9-13900k-raptor-lake-24-core-3-00ghz-lga1700-125w-bx8071513900k-desktop-processor.html
Intel Core i9-14900K Raptor Lake 24-Core 3.20GHz LGA1700 125W BX8071514900K Desktop Processor,14556.49,True,CPUs / Processors,https://www.rebeltech.co.za/intel-core-i9-14900k-raptor-lake-24-core-3-20ghz-lga1700-125w-bx8071514900k-desktop-processor.html
AMD Ryzen 9 7950X3D Raphael 16-Core 4.20GHz AM5 120W 100-100000908WOF Desktop Processor,14591.49,True,CPUs / Processors,https://www.rebeltech.co.za/amd-ryzen-9-7950x3d-raphael-16-core-4-20ghz-am5-120w-100-100000908wof-desktop-processor.html
Intel Core i9-10940X Cascade Lake 14-Core 3.30GHz LGA2066 165W BX8069510940X Desktop Processor,19125.99,True,CPUs / Processors,https://www.rebeltech.co.za/intel-core-i9-10940x-cascade-lake-14-core-3-30ghz-lga2066-165w-bx8069510940x-desktop-processor.html
Intel Core i9-10980XE Cascade Lake 18-Core 3.00GHz LGA2066 165W BX8069510980XE Desktop Processor,23845.49,True,CPUs / Processors,https://www.rebeltech.co.za/intel-core-i9-10980xe-cascade-lake-18-core-3-00ghz-lga2066-165w-bx8069510980xe-desktop-processor.html
MSI H510M PRO-E LGA1200 H510M-PRO-E Intel H510 Micro-ATX Intel Motherboard,1489.49,True,Motherboards,https://www.rebeltech.co.za/msi-h510m-pro-e-lga1200-h510m-pro-e-intel-h510-micro-atx-intel-motherboard.html
GIGABYTE H410M S2 V3 LGA1200 Intel H410 Micro-ATX Intel Motherboard,1501.99,True,Motherboards,https://www.rebeltech.co.za/gigabyte-h410m-s2-v3-lga1200-intel-h410-micro-atx-intel-motherboard.html
ASUS PRIME H510M-K LGA1200 Intel H510 Micro-ATX Intel Motherboard,1515.49,True,Motherboards,https://www.rebeltech.co.za/asus-prime-h510m-k-lga1200-intel-h510-micro-atx-intel-motherboard.html
GIGABYTE A520M S2H AM4 AMD A520 Micro-ATX AMD Motherboard,1576.49,True,Motherboards,https://www.rebeltech.co.za/gigabyte-a520m-s2h-am4-amd-a520-micro-atx-amd-motherboard.html
MSI H610M-E PRO Intel LGA1700 Micro ATX Motherboard,1737.99,True,Motherboards,https://www.rebeltech.co.za/msi-h610m-pro-e-lga1700-intel-motherboard.html
GIGABYTE H510M H LGA1200 Intel H510 Micro-ATX Intel Motherboard,1799.99,True,Motherboards,https://www.rebeltech.co.za/gigabyte-h510m-h-lga1200-intel-h510-micro-atx-intel-motherboard.html
GIGABYTE A520M DS3H V2 AM4 AMD A520 Micro-ATX AMD Motherboard,1799.99,True,Motherboards,https://www.rebeltech.co.za/gigabyte-a520m-ds3h-v2-am4-amd-a520-micro-atx-amd-motherboard.html
GIGABYTE H610M H DDR4 LGA1700 Intel H610 Micro-ATX Intel Motherboard,1899.49,True,Motherboards,https://www.rebeltech.co.za/gigabyte-h610m-h-ddr4-lga1700-intel-h610-micro-atx-intel-motherboard.html
ASUS PRIME H610M-K D4 LGA1700 Intel H610 Micro-ATX Intel Motherboard,1900.49,True,Motherboards,https://www.rebeltech.co.za/asus-prime-h610m-k-d4-lga1700-intel-h610-micro-atx-intel-motherboard.html
GIGABYTE H410M DS2V V3 LGA1200 Intel H410 Micro-ATX Intel Motherboard,2010.99,True,Motherboards,https://www.rebeltech.co.za/gigabyte-h410m-ds2v-v3-lga1200-intel-h410-micro-atx-intel-motherboard.html
GIGABYTE H510M DS2V LGA1200 Intel H510 Micro-ATX Intel Motherboard,2023.49,True,Motherboards,https://www.rebeltech.co.za/gigabyte-h510m-ds2v-lga1200-intel-h510-micro-atx-intel-motherboard.html
GIGABYTE H510M S2H V2 LGA1200 Intel H510 Micro-ATX Intel Motherboard,2035.99,True,Motherboards,https://www.rebeltech.co.za/gigabyte-h510m-s2h-v2-lga1200-intel-h510-micro-atx-intel-motherboard.html
GIGABYTE H610M K LGA1700 Intel H610 Micro-ATX Intel Motherboard,2110.49,True,Motherboards,https://www.rebeltech.co.za/gigabyte-h610m-k-lga1700-intel-h610-micro-atx-intel-motherboard.html
GIGABYTE H510M DS2 LGA1200 Intel H510 Micro-ATX Intel Motherboard,2159.99,True,Motherboards,https://www.rebeltech.co.za/gigabyte-h510m-ds2-lga1200-intel-h510-micro-atx-intel-motherboard.html
GIGABYTE H610M H LGA1700 Intel H610 Micro-ATX Intel Motherboard,2246.99,True,Motherboards,https://www.rebeltech.co.za/gigabyte-h610m-h-lga1700-intel-h610-micro-atx-intel-motherboard.html
GIGABYTE H410M S2H V3 LGA1200 Intel H410 Micro-ATX Intel Motherboard,2284.49,True,Motherboards,https://www.rebeltech.co.za/gigabyte-h410m-s2h-v3-lga1200-intel-h410-micro-atx-intel-motherboard.html
GIGABYTE B550M AORUS PRO-P AM4 AMD B550 Micro-ATX AMD Motherboard,2369.00,True,Motherboards,https://www.rebeltech.co.za/gigabyte-b550m-aorus-pro-p-am4-amd-b550-micro-atx-amd-motherboard.html
GIGABYTE B550M K AM4 AMD B550 Micro-ATX AMD Motherboard,2370.99,True,Motherboards,https://www.rebeltech.co.za/gigabyte-b550m-k-am4-amd-b550-micro-atx-amd-motherboard.html
GIGABYTE H610M S2H LGA1700 Intel H610 Micro-ATX Intel Motherboard,2457.99,True,Motherboards,https://www.rebeltech.co.za/gigabyte-h610m-s2h-lga1700-intel-h610-micro-atx-intel-motherboard.html
ASUS PRIME B760M-K D4 LGA1700 Intel B760 Micro-ATX Intel Motherboard,2539.99,True,Motherboards,https://www.rebeltech.co.za/asus-prime-b760m-k-d4-lga1700-intel-b760-micro-atx-intel-motherboard.html
GIGABYTE A520M DS3H AC AM4 AMD A520 Micro-ATX AMD Motherboard,2631.99,True,Motherboards,https://www.rebeltech.co.za/gigabyte-a520m-ds3h-ac-am4-amd-a520-micro-atx-amd-motherboard.html
GIGABYTE A620M H AM5 AMD A620 Micro-ATX AMD Motherboard,2631.99,True,Motherboards,https://www.rebeltech.co.za/gigabyte-a620m-h-am5-amd-a620-micro-atx-amd-motherboard.html
GIGABYTE A620M S2H AM5 AMD A620 Micro-ATX AMD Motherboard,2644.49,True,Motherboards,https://www.rebeltech.co.za/gigabyte-a620m-s2h-am5-amd-a620-micro-atx-amd-motherboard.html
GIGABYTE B550M DS3H AM4 AMD B550 Micro-ATX AMD Motherboard,2656.99,True,Motherboards,https://www.rebeltech.co.za/gigabyte-b550m-ds3h-am4-amd-b550-micro-atx-amd-motherboard.html
MSI PRO B660M-G D4 LGA1700 PRO-B660M-G-DDR4 Micro-ATX Intel Motherboard,2669.49,True,Motherboards,https://www.rebeltech.co.za/msi-pro-b660m-g-d4-lga1700-pro-b660m-g-ddr4-micro-atx-intel-motherboard.html
GIGABYTE B560 HD3 LGA1200 Intel B560 ATX Intel Motherboard,2731.49,True,Motherboards,https://www.rebeltech.co.za/gigabyte-b560-hd3-lga1200-intel-b560-atx-intel-motherboard.html
GIGABYTE B760M D2H DDR4 LGA1700 Intel B760 Micro-ATX Intel Motherboard,2768.49,True,Motherboards,https://www.rebeltech.co.za/gigabyte-b760m-d2h-ddr4-lga1700-intel-b760-micro-atx-intel-motherboard.html
GIGABYTE B760M DS3H DDR4 LGA1700 Intel B760 Micro-ATX Intel Motherboard,2780.99,True,Motherboards,https://www.rebeltech.co.za/gigabyte-b760m-ds3h-ddr4-lga1700-intel-b760-micro-atx-intel-motherboard.html
GIGABYTE B560M AORUS ELITE LGA1200 Intel B560 Micro-ATX Intel Motherboard,2855.49,True,Motherboards,https://www.rebeltech.co.za/gigabyte-b560m-aorus-elite-lga1200-intel-b560-micro-atx-intel-motherboard.html
GIGABYTE B760M GAMING X DDR4 LGA1700 Intel B760 Micro-ATX Intel Motherboard,2917.49,True,Motherboards,https://www.rebeltech.co.za/gigabyte-b760m-gaming-x-ddr4-lga1700-intel-b760-micro-atx-intel-motherboard.html
ASUS PRIME Z690M PLUS D4 LGA1700 Intel Z690 Micro-ATX Intel Motherboard,2929.00,True,Motherboards,https://www.rebeltech.co.za/asus-prime-z690m-plus-d4-lga1700-intel-z690-micro-atx-intel-motherboard.html
GIGABYTE B760M H DDR5 LGA1700 Intel B760 Micro-ATX Intel Motherboard,2942.49,True,Motherboards,https://www.rebeltech.co.za/gigabyte-b760m-h-ddr5-lga1700-intel-b760-micro-atx-intel-motherboard.html
GIGABYTE B560M AORUS PRO LGA1200 Intel B560 Micro-ATX Intel Motherboard,2979.99,True,Motherboards,https://www.rebeltech.co.za/gigabyte-b560m-aorus-pro-lga1200-intel-b560-micro-atx-intel-motherboard.html
ASUS PRIME B650M-K AM5 AMD B650 Micro-ATX AMD Motherboard,3011.99,True,Motherboards,https://www.rebeltech.co.za/asus-prime-b650m-k-am5-amd-b650-micro-atx-amd-motherboard.html
GIGABYTE B760M D2H LGA1700 Intel B760 Micro-ATX Intel Motherboard,3066.49,True,Motherboards,https://www.rebeltech.co.za/gigabyte-b760m-d2h-lga1700-intel-b760-micro-atx-intel-motherboard.html
GIGABYTE A620M GAMING X AM5 AMD A620 Micro-ATX AMD Motherboard,3141.49,True,Motherboards,https://www.rebeltech.co.za/gigabyte-a620m-gaming-x-am5-amd-a620-micro-atx-amd-motherboard.html
GIGABYTE B550M DS3H AC AM4 AMD B550 Micro-ATX AMD Motherboard,3165.99,True,Motherboards,https://www.rebeltech.co.za/gigabyte-b550m-ds3h-ac-am4-amd-b550-micro-atx-amd-motherboard.html
GIGABYTE B550 GAMING X V2 AM4 AMD B550 ATX AMD Motherboard,3165.99,True,Motherboards,https://www.rebeltech.co.za/gigabyte-b550-gaming-x-v2-am4-amd-b550-atx-amd-motherboard.html
GIGABYTE A520I AC AM4 AMD A520 Mini-ITX AMD Motherboard,3314.99,True,Motherboards,https://www.rebeltech.co.za/gigabyte-a520i-ac-am4-amd-a520-mini-itx-amd-motherboard.html
ASUS PRIME B650M-A II AM5 AMD B650 Micro-ATX AMD Motherboard,3334.99,True,Motherboards,https://www.rebeltech.co.za/asus-prime-b650m-a-ii-am5-amd-b650-micro-atx-amd-motherboard.html
GIGABYTE B560M DS3H AC LGA1200 Intel B560 Micro-ATX Intel Motherboard,3439.49,True,Motherboards,https://www.rebeltech.co.za/gigabyte-b560m-ds3h-ac-lga1200-intel-b560-micro-atx-intel-motherboard.html
GIGABYTE B760 DS3H DDR4 LGA1700 Intel B760 ATX Intel Motherboard,3463.99,True,Motherboards,https://www.rebeltech.co.za/gigabyte-b760-ds3h-ddr4-lga1700-intel-b760-atx-intel-motherboard.html
GIGABYTE B760 GAMING X DDR4 LGA1700 Intel B760 ATX Intel Motherboard,3476.49,True,Motherboards,https://www.rebeltech.co.za/gigabyte-b760-gaming-x-ddr4-lga1700-intel-b760-atx-intel-motherboard.html
GIGABYTE A620M GAMING X AX AM5 AMD A620 Micro-ATX AMD Motherboard,3513.99,True,Motherboards,https://www.rebeltech.co.za/gigabyte-a620m-gaming-x-ax-am5-amd-a620-micro-atx-amd-motherboard.html
GIGABYTE B560M AORUS PRO AX LGA1200 Intel B560 Micro-ATX Intel Motherboard,3600.99,True,Motherboards,https://www.rebeltech.co.za/gigabyte-b560m-aorus-pro-ax-lga1200-intel-b560-micro-atx-intel-motherboard.html
GIGABYTE B760 DS3H LGA1700 Intel B760 ATX Intel Motherboard,3612.99,True,Motherboards,https://www.rebeltech.co.za/gigabyte-b760-ds3h-lga1700-intel-b760-atx-intel-motherboard.html
GIGABYTE B650M K AM5 AMD B650 Micro-ATX AMD Motherboard,3612.99,True,Motherboards,https://www.rebeltech.co.za/gigabyte-b650m-k-am5-amd-b650-micro-atx-amd-motherboard.html
GIGABYTE Z590 D LGA1200 Intel Z590 ATX Intel Motherboard,3617.99,True,Motherboards,https://www.rebeltech.co.za/gigabyte-z590-d-lga1200-intel-z590-atx-intel-motherboard.html
GIGABYTE B660 GAMING X LGA1700 Intel B660 ATX Intel Motherboard,3636.99,True,Motherboards,https://www.rebeltech.co.za/gigabyte-b660-gaming-x-lga1700-intel-b660-atx-intel-motherboard.html
ASUS ROG STRIX B550-A GAMING AM4 AMD B550 ATX AMD Motherboard,3637.99,True,Motherboards,https://www.rebeltech.co.za/asus-rog-strix-b550-a-gaming-am4-amd-b550-atx-amd-motherboard.html
GIGABYTE B660M GAMING AC DDR4 LGA1700 Intel B660 Micro-ATX Intel Motherboard,3637.99,True,Motherboards,https://www.rebeltech.co.za/gigabyte-b660m-gaming-ac-ddr4-lga1700-intel-b660-micro-atx-intel-motherboard.html
ASUS PRIME H770-PLUS D4 LGA1700 Intel H770 ATX Intel Motherboard,3682.99,True,Motherboards,https://www.rebeltech.co.za/asus-prime-h770-plus-d4-lga1700-intel-h770-atx-intel-motherboard.html
GIGABYTE B760M GAMING X AX DDR4 LGA1700 Intel B760 Micro-ATX Intel Motherboard,3759.99,True,Motherboards,https://www.rebeltech.co.za/gigabyte-b760m-gaming-x-ax-ddr4-lga1700-intel-b760-micro-atx-intel-motherboard.html
GIGABYTE B550 AORUS ELITE V2 AM4 AMD B550 ATX AMD Motherboard,3762.49,True,Motherboards,https://www.rebeltech.co.za/gigabyte-b550-aorus-elite-v2-am4-amd-b550-atx-amd-motherboard.html
GIGABYTE B650M DS3H AM5 AMD B650 Micro-ATX AMD Motherboard,3762.49,True,Motherboards,https://www.rebeltech.co.za/gigabyte-b650m-ds3h-am5-amd-b650-micro-atx-amd-motherboard.html
ASUS PRIME Z690-P WIFI D4 LGA1700 Intel Z690 ATX Intel Motherboard,3829.00,True,Motherboards,https://www.rebeltech.co.za/asus-prime-z690-p-wifi-d4-lga1700-intel-z690-atx-intel-motherboard.html
GIGABYTE B760 GAMING X LGA1700 Intel B760 ATX Intel Motherboard,3911.49,True,Motherboards,https://www.rebeltech.co.za/gigabyte-b760-gaming-x-lga1700-intel-b760-atx-intel-motherboard.html
GIGABYTE B760M AORUS PRO LGA1700 Intel B760 Micro-ATX Intel Motherboard,3960.99,True,Motherboards,https://www.rebeltech.co.za/gigabyte-b760m-aorus-pro-lga1700-intel-b760-micro-atx-intel-motherboard.html
GIGABYTE B760M GAMING X LGA1700 Intel B760 Micro-ATX Intel Motherboard,3960.99,True,Motherboards,https://www.rebeltech.co.za/gigabyte-b760m-gaming-x-lga1700-intel-b760-micro-atx-intel-motherboard.html
GIGABYTE Z590 AORUS ELITE LGA1200 Intel Z590 ATX Intel Motherboard,4035.49,True,Motherboards,https://www.rebeltech.co.za/gigabyte-z590-aorus-elite-lga1200-intel-z590-atx-intel-motherboard.html
GIGABYTE B560 AORUS PRO AX LGA1200 Intel B560 ATX Intel Motherboard,4097.49,True,Motherboards,https://www.rebeltech.co.za/gigabyte-b560-aorus-pro-ax-lga1200-intel-b560-atx-intel-motherboard.html
GIGABYTE B550 AORUS ELITE AX V2 AM4 AMD B550 ATX AMD Motherboard,4184.49,True,Motherboards,https://www.rebeltech.co.za/gigabyte-b550-aorus-elite-ax-v2-am4-amd-b550-atx-amd-motherboard.html
ASUS PRIME Z790-P D4 LGA1700 Intel Z790 ATX Intel Motherboard,4221.99,True,Motherboards,https://www.rebeltech.co.za/asus-prime-z790-p-d4-lga1700-intel-z790-atx-intel-motherboard.html
GIGABYTE Z790 D DDR4 LGA1700 Intel Z790 ATX Intel Motherboard,4271.49,True,Motherboards,https://www.rebeltech.co.za/gigabyte-z790-d-ddr4-lga1700-intel-z790-atx-intel-motherboard.html
GIGABYTE B660 GAMING X AX DDR4 LGA1700 Intel B660 ATX Intel Motherboard,4296.49,True,Motherboards,https://www.rebeltech.co.za/gigabyte-b660-gaming-x-ax-ddr4-lga1700-intel-b660-atx-intel-motherboard.html
GIGABYTE B760M AORUS ELITE AX DDR4 LGA1700 Intel B760 Micro-ATX Intel Motherboard,4445.49,True,Motherboards,https://www.rebeltech.co.za/gigabyte-b760m-aorus-elite-ax-ddr4-lga1700-intel-b760-micro-atx-intel-motherboard.html
GIGABYTE B660 AORUS MASTER DDR4 LGA1700 Intel B660 ATX Intel Motherboard,4469.99,True,Motherboards,https://www.rebeltech.co.za/gigabyte-b660-aorus-master-ddr4-lga1700-intel-b660-atx-intel-motherboard.html
GIGABYTE Z590 VISION G LGA1200 Intel Z590 ATX Intel Motherboard,4469.99,True,Motherboards,https://www.rebeltech.co.za/gigabyte-z590-vision-g-lga1200-intel-z590-atx-intel-motherboard.html
ASUS TUF GAMING B760-PLUS WIFI D4 LGA1700 Intel B760 ATX Intel Motherboard,4532.49,True,Motherboards,https://www.rebeltech.co.za/asus-tuf-gaming-b760-plus-wifi-d4-lga1700-intel-b760-atx-intel-motherboard.html
GIGABYTE Z690 UD DDR4 LGA1700 Intel Z690 ATX Intel Motherboard,4594.49,True,Motherboards,https://www.rebeltech.co.za/gigabyte-z690-ud-ddr4-lga1700-intel-z690-atx-intel-motherboard.html
GIGABYTE B650M GAMING X AX AM5 AMD B650 Micro-ATX AMD Motherboard,4631.49,True,Motherboards,https://www.rebeltech.co.za/gigabyte-b650m-gaming-x-ax-am5-amd-b650-micro-atx-amd-motherboard.html
GIGABYTE B550I AORUS PRO AX AM4 AMD B550 Mini-ITX AMD Motherboard,4656.49,True,Motherboards,https://www.rebeltech.co.za/gigabyte-b550i-aorus-pro-ax-am4-amd-b550-mini-itx-amd-motherboard.html
GIGABYTE B660M AORUS PRO DDR4 LGA1700 Intel B660 Micro-ATX Intel Motherboard,4656.49,True,Motherboards,https://www.rebeltech.co.za/gigabyte-b660m-aorus-pro-ddr4-lga1700-intel-b660-micro-atx-intel-motherboard.html
GIGABYTE B760 AORUS MASTER DDR4 LGA1700 Intel B760 ATX Intel Motherboard,4656.49,True,Motherboards,https://www.rebeltech.co.za/gigabyte-b760-aorus-master-ddr4-lga1700-intel-b760-atx-intel-motherboard.html
ASUS TUF GAMING B650M-PLUS AM5 AMD B650 Micro-ATX AMD Motherboard,4713.49,True,Motherboards,https://www.rebeltech.co.za/asus-tuf-gaming-b650m-plus-am5-amd-b650-micro-atx-amd-motherboard.html
GIGABYTE Z590 AORUS ELITE AX LGA1200 Intel Z590 ATX Intel Motherboard,4718.49,True,Motherboards,https://www.rebeltech.co.za/gigabyte-z590-aorus-elite-ax-lga1200-intel-z590-atx-intel-motherboard.html
GIGABYTE B660M AORUS PRO AX LGA1700 Intel B660 Micro-ATX Intel Motherboard,4792.99,True,Motherboards,https://www.rebeltech.co.za/gigabyte-b660m-aorus-pro-ax-lga1700-intel-b660-micro-atx-intel-motherboard.html
GIGABYTE B660M AORUS PRO AX DDR4 LGA1700 Intel B660 Micro-ATX Intel Motherboard,4792.99,True,Motherboards,https://www.rebeltech.co.za/gigabyte-b660m-aorus-pro-ax-ddr4-lga1700-intel-b660-micro-atx-intel-motherboard.html
GIGABYTE B760 AORUS ELITE AX DDR4 LGA1700 Intel B760 ATX Intel Motherboard,4805.49,True,Motherboards,https://www.rebeltech.co.za/gigabyte-b760-aorus-elite-ax-ddr4-lga1700-intel-b760-atx-intel-motherboard.html
GIGABYTE B760M AORUS PRO AX LGA1700 Intel B760 Micro-ATX Intel Motherboard,4805.49,True,Motherboards,https://www.rebeltech.co.za/gigabyte-b760m-aorus-pro-ax-lga1700-intel-b760-micro-atx-intel-motherboard.html
GIGABYTE Z690M AORUS ELITE AX DDR4 LGA1700 Intel Z690 Micro-ATX Intel Motherboard,4817.99,True,Motherboards,https://www.rebeltech.co.za/gigabyte-z690m-aorus-elite-ax-ddr4-lga1700-intel-z690-micro-atx-intel-motherboard.html
GIGABYTE B760 AORUS ELITE AX LGA1700 Intel B760 ATX Intel Motherboard,4817.99,True,Motherboards,https://www.rebeltech.co.za/gigabyte-b760-aorus-elite-ax-lga1700-intel-b760-atx-intel-motherboard.html
GIGABYTE Z690M AORUS ELITE DDR4 LGA1700 Intel Z690 Micro-ATX Intel Motherboard,4842.99,True,Motherboards,https://www.rebeltech.co.za/gigabyte-z690m-aorus-elite-ddr4-lga1700-intel-z690-micro-atx-intel-motherboard.html
GIGABYTE B760I AORUS PRO DDR4 LGA1700 Intel B760 Mini-ITX Intel Motherboard,4879.99,True,Motherboards,https://www.rebeltech.co.za/gigabyte-b760i-aorus-pro-ddr4-lga1700-intel-b760-mini-itx-intel-motherboard.html
GIGABYTE B760M AORUS PRO AX DDR4 LGA1700 Intel B760 Micro-ATX Intel Motherboard,4917.49,True,Motherboards,https://www.rebeltech.co.za/gigabyte-b760m-aorus-pro-ax-ddr4-lga1700-intel-b760-micro-atx-intel-motherboard.html
GIGABYTE Z690M DS3H DDR4 LGA1700 Intel Z690 Micro-ATX Intel Motherboard,4966.99,True,Motherboards,https://www.rebeltech.co.za/gigabyte-z690m-ds3h-ddr4-lga1700-intel-z690-micro-atx-intel-motherboard.html
ASUS TUF GAMING B650M-PLUS WIFI AM5 AMD B650 Micro-ATX AMD Motherboard,4999.49,True,Motherboards,https://www.rebeltech.co.za/asus-tuf-gaming-b650m-plus-wifi-am5-amd-b650-micro-atx-amd-motherboard.html
GIGABYTE Z790 AORUS ELITE DDR4 LGA1700 Intel Z790 ATX Intel Motherboard,5140.99,True,Motherboards,https://www.rebeltech.co.za/gigabyte-z790-aorus-elite-ddr4-lga1700-intel-z790-atx-intel-motherboard.html
GIGABYTE B660M GAMING X AX LGA1700 Intel B660 Micro-ATX Intel Motherboard,5153.49,True,Motherboards,https://www.rebeltech.co.za/gigabyte-b660m-gaming-x-ax-lga1700-intel-b660-micro-atx-intel-motherboard.html
GIGABYTE Z790M AORUS ELITE LGA1700 Intel Z790 Micro-ATX Intel Motherboard,5177.99,True,Motherboards,https://www.rebeltech.co.za/gigabyte-z790m-aorus-elite-lga1700-intel-z790-micro-atx-intel-motherboard.html
GIGABYTE B760I AORUS PRO DDR5 LGA1700 Intel B760 Mini-ITX Intel Motherboard,5190.49,True,Motherboards,https://www.rebeltech.co.za/gigabyte-b760i-aorus-pro-ddr5-lga1700-intel-b760-mini-itx-intel-motherboard.html
GIGABYTE Z790 UD LGA1700 Intel Z790 ATX Intel Motherboard,5239.99,True,Motherboards,https://www.rebeltech.co.za/gigabyte-z790-ud-lga1700-intel-z790-atx-intel-motherboard.html
GIGABYTE Z590 GAMING X LGA1200 Intel Z590 ATX Intel Motherboard,5264.99,True,Motherboards,https://www.rebeltech.co.za/gigabyte-z590-gaming-x-lga1200-intel-z590-atx-intel-motherboard.html
GIGABYTE Z690 GAMING X LGA1700 Intel Z690 ATX Intel Motherboard,5288.49,True,Motherboards,https://www.rebeltech.co.za/gigabyte-z690-gaming-x-lga1700-intel-z690-atx-intel-motherboard.html
ASUS TUF GAMING Z790-PLUS D4 LGA1700 Intel Z790 ATX Intel Motherboard,5302.49,True,Motherboards,https://www.rebeltech.co.za/asus-tuf-gaming-z790-plus-d4-lga1700-intel-z790-atx-intel-motherboard.html
GIGABYTE Z790 GAMING X LGA1700 Intel Z790 ATX Intel Motherboard,5376.99,True,Motherboards,https://www.rebeltech.co.za/gigabyte-z790-gaming-x-lga1700-intel-z790-atx-intel-motherboard.html
ASUS PRIME X670-P AM5 AMD X670 ATX AMD Motherboard,5433.99,True,Motherboards,https://www.rebeltech.co.za/asus-prime-x670-p-am5-amd-x670-atx-amd-motherboard.html
GIGABYTE B660 AORUS MASTER LGA1700 Intel B660 ATX Intel Motherboard,5451.49,True,Motherboards,https://www.rebeltech.co.za/gigabyte-b660-aorus-master-lga1700-intel-b660-atx-intel-motherboard.html
GIGABYTE Z790M AORUS ELITE AX LGA1700 Intel Z790 Micro-ATX Intel Motherboard,5500.99,True,Motherboards,https://www.rebeltech.co.za/gigabyte-z790m-aorus-elite-ax-lga1700-intel-z790-micro-atx-intel-motherboard.html
ASUS TUF GAMING Z790-PLUS WIFI D4 LGA1700 Intel Z790 ATX Intel Motherboard,5513.49,True,Motherboards,https://www.rebeltech.co.za/asus-tuf-gaming-z790-plus-wifi-d4-lga1700-intel-z790-atx-intel-motherboard.html
GIGABYTE Z790 GAMING X AX LGA1700 Intel Z790 ATX Intel Motherboard,5513.49,True,Motherboards,https://www.rebeltech.co.za/gigabyte-z790-gaming-x-ax-lga1700-intel-z790-atx-intel-motherboard.html
GIGABYTE Z690 AORUS ELITE AX DDR4 LGA1700 Intel Z690 ATX Intel Motherboard,5587.99,True,Motherboards,https://www.rebeltech.co.za/gigabyte-z690-aorus-elite-ax-ddr4-lga1700-intel-z690-atx-intel-motherboard.html
GIGABYTE B650 GAMING X AX AM5 AMD B650 ATX AMD Motherboard,5612.99,True,Motherboards,https://www.rebeltech.co.za/gigabyte-b650-gaming-x-ax-am5-amd-b650-atx-amd-motherboard.html
GIGABYTE B650 AORUS ELITE AM5 AMD B650 ATX AMD Motherboard,5711.99,True,Motherboards,https://www.rebeltech.co.za/gigabyte-b650-aorus-elite-am5-amd-b650-atx-amd-motherboard.html
GIGABYTE Z790 AORUS ELITE LGA1700 Intel Z790 ATX Intel Motherboard,5761.99,True,Motherboards,https://www.rebeltech.co.za/gigabyte-z790-aorus-elite-lga1700-intel-z790-atx-intel-motherboard.html
GIGABYTE Z790 UD AX LGA1700 Intel Z790 ATX Intel Motherboard,5774.49,True,Motherboards,https://www.rebeltech.co.za/gigabyte-z790-ud-ax-lga1700-intel-z790-atx-intel-motherboard.html
ASUS PRIME Z790-P WIFI LGA1700 Intel Z790 ATX Intel Motherboard,5786.49,True,Motherboards,https://www.rebeltech.co.za/asus-prime-z790-p-wifi-lga1700-intel-z790-atx-intel-motherboard.html
ASUS TUF GAMING B650-PLUS AM5 AMD B650 ATX AMD Motherboard,5811.49,True,Motherboards,https://www.rebeltech.co.za/asus-tuf-gaming-b650-plus-am4-amd-b650-atx-amd-motherboard.html
GIGABYTE B650M AORUS ELITE AM5 AMD B650 Micro-ATX AMD Motherboard,5811.49,True,Motherboards,https://www.rebeltech.co.za/gigabyte-b650m-aorus-elite-am5-amd-b650-micro-atx-amd-motherboard.html
ASUS TUF GAMING B760-PLUS WIFI LGA1700 Intel B760 ATX Intel Motherboard,5836.49,True,Motherboards,https://www.rebeltech.co.za/asus-tuf-gaming-b760-plus-wifi-lga1700-intel-b760-atx-intel-motherboard.html
GIGABYTE Z790 AORUS ELITE AX LGA1700 Intel Z790 ATX Intel Motherboard,5836.49,True,Motherboards,https://www.rebeltech.co.za/gigabyte-z790-aorus-elite-ax-lga1700-intel-z790-atx-intel-motherboard.html
GIGABYTE Z790 AORUS ELITE AX DDR4 LGA1700 Intel Z790 ATX Intel Motherboard,5885.99,True,Motherboards,https://www.rebeltech.co.za/gigabyte-z790-aorus-elite-ax-ddr4-lga1700-intel-z790-atx-intel-motherboard.html
GIGABYTE Z690 UD AX DDR4 LGA1700 Intel Z690 ATX Intel Motherboard,5898.49,True,Motherboards,https://www.rebeltech.co.za/gigabyte-z690-ud-ax-ddr4-lga1700-intel-z690-atx-intel-motherboard.html
GIGABYTE B650M AORUS ELITE AX AM5 AMD B650 Micro-ATX AMD Motherboard,5898.49,True,Motherboards,https://www.rebeltech.co.za/gigabyte-b650m-aorus-elite-ax-am5-amd-b650-micro-atx-amd-motherboard.html
GIGABYTE B650 AORUS ELITE AX ICE AM5 B650 ATX AMD Motherboard,5898.49,True,Motherboards,https://www.rebeltech.co.za/gigabyte-b650-aorus-elite-ax-ice-am5-b650-atx-amd-motherboard.html
GIGABYTE Z590 AORUS PRO AX LGA1200 Intel Z590 ATX Intel Motherboard,5960.49,True,Motherboards,https://www.rebeltech.co.za/gigabyte-z590-aorus-pro-ax-lga1200-intel-z590-atx-intel-motherboard.html
GIGABYTE B650 AORUS ELITE AX AM5 AMD B650 ATX AMD Motherboard,5960.49,True,Motherboards,https://www.rebeltech.co.za/gigabyte-b650-aorus-elite-ax-am5-amd-b650-atx-amd-motherboard.html
GIGABYTE B650I AORUS ULTRA AM5 AMD B650 Mini-ITX AMD Motherboard,5960.49,True,Motherboards,https://www.rebeltech.co.za/gigabyte-b650i-aorus-ultra-am5-amd-b650-mini-itx-amd-motherboard.html
GIGABYTE B550 AORUS PRO V2 AM4 AMD B550 ATX AMD Motherboard,6088.49,True,Motherboards,https://www.rebeltech.co.za/gigabyte-b550-aorus-pro-v2-am4-amd-b550-atx-amd-motherboard.html
ASUS ROG STRIX B760-I GAMING WIFI LGA1700 Intel B760 Mini-ITX Intel Motherboard,6090.99,True,Motherboards,https://www.rebeltech.co.za/asus-rog-strix-b760-i-gaming-wifi-lga1700-intel-b760-mini-itx-intel-motherboard.html
GIGABYTE B650M AORUS PRO AX AM5 AMD B650 Micro-ATX AMD Motherboard,6208.99,True,Motherboards,https://www.rebeltech.co.za/gigabyte-b650m-aorus-pro-ax-am5-amd-b650-micro-atx-amd-motherboard.html
ASUS ROG STRIX Z790-A GAMING WIFI D4 LGA1700 Intel Z790 ATX Intel Motherboard,6395.49,True,Motherboards,https://www.rebeltech.co.za/asus-rog-strix-z790-a-gaming-wifi-d4-lga1700-intel-z790-atx-intel-motherboard.html
GIGABYTE X670 GAMING X AX AM5 AMD X670 ATX AMD Motherboard,6581.49,True,Motherboards,https://www.rebeltech.co.za/gigabyte-x670-gaming-x-ax-am5-amd-x670-atx-amd-motherboard.html
ASUS PRIME X670-P WIFI AM5 AMD X670 ATX AMD Motherboard,6867.49,True,Motherboards,https://www.rebeltech.co.za/asus-prime-x670-p-wifi-am5-amd-x670-atx-amd-motherboard.html
GIGABYTE B550 AORUS PRO AC AM4 AMD B550 ATX AMD Motherboard,6891.99,True,Motherboards,https://www.rebeltech.co.za/gigabyte-b550-aorus-pro-ac-am4-amd-b550-atx-amd-motherboard.html
GIGABYTE Z690 AERO G LGA1700 Intel Z690 ATX Intel Motherboard,7016.49,True,Motherboards,https://www.rebeltech.co.za/gigabyte-z690-aero-g-lga1700-intel-z690-atx-intel-motherboard.html
GIGABYTE X570S UD AM4 AMD X570 ATX AMD Motherboard,7140.49,True,Motherboards,https://www.rebeltech.co.za/gigabyte-x570s-ud-am4-amd-x570-atx-amd-motherboard.html
GIGABYTE Z690 AERO G DDR4 LGA1700 Intel Z690 ATX Intel Motherboard,7140.49,True,Motherboards,https://www.rebeltech.co.za/gigabyte-z690-aero-g-ddr4-lga1700-intel-z690-atx-intel-motherboard.html
ASUS ROG STRIX B650-A GAMING WIFI AM5 AMD B650 ATX AMD Motherboard,7152.99,True,Motherboards,https://www.rebeltech.co.za/asus-rog-strix-b650-a-gaming-wifi-am5-amd-b650-atx-amd-motherboard.html
GIGABYTE B550 AORUS PRO AX AM4 AMD B550 ATX AMD Motherboard,7202.49,True,Motherboards,https://www.rebeltech.co.za/gigabyte-b550-aorus-pro-ax-am4-amd-b550-atx-amd-motherboard.html
GIGABYTE B550 AORUS MASTER AM4 AMD B550 ATX AMD Motherboard,7264.49,True,Motherboards,https://www.rebeltech.co.za/gigabyte-b550-aorus-master-am4-amd-b550-atx-amd-motherboard.html
GIGABYTE Z790 AERO G LGA1700 Intel Z790 ATX Intel Motherboard,7264.49,True,Motherboards,https://www.rebeltech.co.za/gigabyte-z790-aero-g-lga1700-intel-z790-atx-intel-motherboard.html
ASUS TUF GAMING Z790-PLUS WIFI LGA1700 Intel Z790 ATX Intel Motherboard,7289.49,True,Motherboards,https://www.rebeltech.co.za/asus-tuf-gaming-z790-plus-wifi-lga1700-intel-z790-atx-intel-motherboard.html
GIGABYTE Z590 AORUS MASTER LGA1200 Intel Z590 ATX Intel Motherboard,7326.99,True,Motherboards,https://www.rebeltech.co.za/gigabyte-z590-aorus-master-lga1200-intel-z590-atx-intel-motherboard.html
GIGABYTE X670 AORUS ELITE AX AM5 AMD X670 ATX AMD Motherboard,7450.99,True,Motherboards,https://www.rebeltech.co.za/gigabyte-x670-aorus-elite-ax-am5-amd-x670-atx-amd-motherboard.html
ASUS ROG STRIX B760-F GAMING WIFI LGA1700 Intel B760 ATX Intel Motherboard,7450.99,True,Motherboards,https://www.rebeltech.co.za/asus-rog-strix-b760-f-gaming-wifi-lga1700-intel-b760-atx-intel-motherboard.html
ASUS ProArt B650-CREATOR AM5 AMD B650 ATX AMD Motherboard,7470.99,True,Motherboards,https://www.rebeltech.co.za/asus-proart-b650-creator-am5-amd-b650-atx-amd-motherboard.html
ASUS ROG STRIX B650E-F GAMING WIFI AM5 AMD B650 ATX AMD Motherboard,7500.49,True,Motherboards,https://www.rebeltech.co.za/asus-rog-strix-b650e-f-gaming-wifi-am5-amd-b650-atx-amd-motherboard.html
GIGABYTE Z790 AORUS ELITE AX ICE LGA1700 Intel Z790 ATX Intel Motherboard,7699.49,True,Motherboards,https://www.rebeltech.co.za/gigabyte-z790-aorus-elite-ax-ice-lga1700-intel-z790-atx-intel-motherboard.html
GIGABYTE B550 VISION D-P AM4 AMD B550 ATX AMD Motherboard,7823.49,True,Motherboards,https://www.rebeltech.co.za/gigabyte-b550-vision-d-p-am4-amd-b550-atx-amd-motherboard.html
GIGABYTE B650 AERO G AM5 AMD B650 ATX AMD Motherboard,7823.49,True,Motherboards,https://www.rebeltech.co.za/gigabyte-b650-aero-g-am5-amd-b650-atx-amd-motherboard.html
GIGABYTE X570SI AORUS PRO AX AM4 AMD X570 Mini-ITX AMD Motherboard,7940.49,True,Motherboards,https://www.rebeltech.co.za/gigabyte-x570si-aorus-pro-ax-am4-amd-x570-mini-itx-amd-motherboard.html
GIGABYTE Z690 AORUS PRO DDR4 LGA1700 Intel Z690 ATX Intel Motherboard,7947.99,True,Motherboards,https://www.rebeltech.co.za/gigabyte-z690-aorus-pro-ddr4-lga1700-intel-z690-atx-intel-motherboard.html
GIGABYTE Z690 AORUS PRO LGA1700 Intel Z690 ATX Intel Motherboard,8009.99,True,Motherboards,https://www.rebeltech.co.za/gigabyte-z690-aorus-pro-lga1700-intel-z690-atx-intel-motherboard.html
GIGABYTE Z690 AERO D LGA1700 Intel Z690 E-ATX Intel Motherboard,8071.99,True,Motherboards,https://www.rebeltech.co.za/gigabyte-z690-aero-d-lga1700-intel-z690-e-atx-intel-motherboard.html
ASUS PRIME Z790-A WIFI LGA1700 Intel Z790 ATX Intel Motherboard,8121.49,True,Motherboards,https://www.rebeltech.co.za/asus-prime-z790-a-wifi-lga1700-intel-z790-atx-intel-motherboard.html
GIGABYTE B650 AORUS PRO AX AM5 AMD B650 ATX AMD Motherboard,8133.99,True,Motherboards,https://www.rebeltech.co.za/gigabyte-b650-aorus-pro-ax-am5-amd-b650-atx-amd-motherboard.html
GIGABYTE Z790 AORUS ELITE X WIFI7 LGA1700 Intel Z790 ATX Intel Motherboard,8320.49,True,Motherboards,https://www.rebeltech.co.za/gigabyte-z790-aorus-elite-x-wifi7-lga1700-intel-z790-atx-intel-motherboard.html
ASUS TUF GAMING X670E-PLUS AM5 AMD X670 ATX AMD Motherboard,8618.49,True,Motherboards,https://www.rebeltech.co.za/asus-tuf-gaming-x670e-plus-am5-amd-x670-atx-amd-motherboard.html
ASUS ROG STRIX B650E-I GAMING WIFI AM5 AMD B650 Mini-ITX AMD Motherboard,8631.99,True,Motherboards,https://www.rebeltech.co.za/asus-rog-strix-b650e-i-gaming-wifi-am5-amd-b650-mini-itx-amd-motherboard.html
ASUS TUF GAMING X670E-PLUS WIFI AM5 AMD X670 ATX AMD Motherboard,8818.49,True,Motherboards,https://www.rebeltech.co.za/asus-tuf-gaming-x670e-plus-wifi-am5-amd-x670-atx-amd-motherboard.html
ASRock TRX40 Taichi sTR4 AMD TRX40-TAICHI TRX40 ATX AMD Motherboard,8874.49,True,Motherboards,https://www.rebeltech.co.za/asrock-trx40-taichi-str4-amd-trx40-taichi-trx40-atx-amd-motherboard.html
GIGABYTE B650E AORUS MASTER AM5 AMD B650 ATX AMD Motherboard,9624.49,True,Motherboards,https://www.rebeltech.co.za/gigabyte-b650e-aorus-master-am5-amd-b650-atx-amd-motherboard.html
ASUS ROG STRIX X670E-I GAMING WIFI AM5 AMD X670 Mini-ITX AMD Motherboard,9631.99,True,Motherboards,https://www.rebeltech.co.za/asus-rog-strix-x670e-i-gaming-wifi-am5-amd-x670-mini-itx-amd-motherboard.html
ASUS ROG CROSSHAIR X670E GENE AM5 AMD X670 Micro-ATX AMD Motherboard,11897.49,True,Motherboards,https://www.rebeltech.co.za/asus-rog-crosshair-x670e-gene-am5-amd-x670-micro-atx-amd-motherboard.html
GIGABYTE X670E AORUS MASTER AM5 AMD X670 E-ATX AMD Motherboard,12418.99,True,Motherboards,https://www.rebeltech.co.za/gigabyte-x670e-aorus-master-am5-amd-x670-e-atx-amd-motherboard.html
ASUS ROG STRIX Z790-I GAMING WIFI LGA1700 Intel Z790 Mini-ITX Intel Motherboard,12687.49,True,Motherboards,https://www.rebeltech.co.za/asus-rog-strix-z790-i-gaming-wifi-lga1700-intel-z790-mini-itx-intel-motherboard.html
GIGABYTE Z690 AORUS XTREME LGA1700 Intel Z690 E-ATX Intel Motherboard,15647.99,True,Motherboards,https://www.rebeltech.co.za/gigabyte-z690-aorus-xtreme-lga1700-intel-z690-e-atx-intel-motherboard.html
ASUS ROG MAXIMUS Z690 FORMULA LGA1700 Intel Z690 ATX Intel Motherboard,15860.49,True,Motherboards,https://www.rebeltech.co.za/asus-rog-maximus-z690-formula-lga1700-intel-z690-atx-intel-motherboard.html
GIGABYTE X670E AORUS XTREME AM5 AMD X670 E-ATX AMD Motherboard,16952.49,True,Motherboards,https://www.rebeltech.co.za/gigabyte-x670e-aorus-xtreme-am5-amd-x670-e-atx-amd-motherboard.html
GIGABYTE Z790 AORUS XTREME X LGA1700 Intel Z790 E-ATX Intel Motherboard,28440.99,True,Motherboards,https://www.rebeltech.co.za/gigabyte-z790-aorus-xtreme-x-lga1700-intel-z790-e-atx-intel-motherboard.html
GIGABYTE Z790 AORUS XTREME LGA1700 Intel Z790 E-ATX Intel Motherboard,29434.49,True,Motherboards,https://www.rebeltech.co.za/gigabyte-z790-aorus-xtreme-lga1700-intel-z790-e-atx-intel-motherboard.html
G.SKILL Aegis 8GB DDR4-3000 CL16 1.35v F4-3000C16S-8GISB Desktop Memory,435.99,True,RAM / Memory,https://www.rebeltech.co.za/g-skill-aegis-8gb-ddr4-3000-cl16-1-35v-f4-3000c16s-8gisb-desktop-memory.html
ADATA XPG GAMMIX D20 8GB DDR4-3200 CL16 1.35v AX4U32008G16A-CBK20 Desktop Memory,458.49,True,RAM / Memory,https://www.rebeltech.co.za/adata-xpg-gammix-d20-8gb-ddr4-3200-cl16-1-35v-ax4u32008g16a-cbk20-desktop-memory.html
CORSAIR VENGEANCE LPX 8GB DDR4-3200 CL16 1.35v CMK8GX4M1E3200C16 Desktop Memory,470.99,True,RAM / Memory,https://www.rebeltech.co.za/corsair-vengeance-lpx-8gb-ddr4-3200-cl16-1-35v-cmk8gx4m1e3200c16-desktop-memory.html
Kingston FURY Beast 8GB DDR4-2666 CL16 1.20v KF426C16BB/8 Desktop Memory,495.99,True,RAM / Memory,https://www.rebeltech.co.za/kingston-fury-beast-8gb-ddr4-2666-cl16-1-20v-kf426c16bb-8-desktop-memory.html
CORSAIR VENGEANCE LPX 8GB DDR4-3600 CL18 1.35v CMK8GX4M1Z3600C18 Desktop Memory,507.99,True,RAM / Memory,https://www.rebeltech.co.za/corsair-vengeance-lpx-8gb-ddr4-3600-cl18-1-35v-cmk8gx4m1z3600c18-desktop-memory.html
CORSAIR VENGEANCE LPX 8GB DDR4-2400 CL16 1.20v CMK8GX4M1A2400C16 Desktop Memory,507.99,True,RAM / Memory,https://www.rebeltech.co.za/corsair-vengeance-lpx-8gb-ddr4-2400-cl16-1-20v-cmk8gx4m1a2400c16-desktop-memory.html
CORSAIR VENGEANCE LPX 8GB DDR4-2400 CL16 1.20v CMK8GX4M1A2400C16R Desktop Memory,507.99,True,RAM / Memory,https://www.rebeltech.co.za/corsair-vengeance-lpx-8gb-ddr4-2400-cl16-1-20v-cmk8gx4m1a2400c16r-desktop-memory.html
Kingston FURY Beast 8GB DDR4-3000 CL15 1.35v KF430C15BB/8 Desktop Memory,507.99,True,RAM / Memory,https://www.rebeltech.co.za/kingston-fury-beast-8gb-ddr4-3000-cl15-1-35v-kf430c15bb-8-desktop-memory.html
CORSAIR VENGEANCE LPX 8GB DDR4-2666 CL16 1.20v CMK8GX4M1A2666C16 Desktop Memory,520.49,True,RAM / Memory,https://www.rebeltech.co.za/corsair-vengeance-lpx-8gb-ddr4-2666-cl16-1-20v-cmk8gx4m1a2666c16-desktop-memory.html
CORSAIR VENGEANCE LPX 8GB Kit DDR4-2666 CL16 1.20v CMK8GX4M1A2666C16R Desktop Memory,532.99,True,RAM / Memory,https://www.rebeltech.co.za/corsair-vengeance-lpx-8gb-kit-ddr4-2666-cl16-1-20v-cmk8gx4m1a2666c16r-desktop-memory.html
Kingston FURY Beast 8GB DDR4-3200 CL16 1.35v KF432C16BB/8 Desktop Memory,532.99,True,RAM / Memory,https://www.rebeltech.co.za/kingston-fury-beast-8gb-ddr4-3200-cl16-1-35v-kf432c16bb-8-desktop-memory.html
ADATA XPG GAMMIX D45 8GB DDR4-3200 CL16 1.35v AX4U32008G16A-CBKD45 Desktop Memory,532.99,True,RAM / Memory,https://www.rebeltech.co.za/adata-xpg-gammix-d45-8gb-ddr4-3200-cl16-1-35v-ax4u32008g16a-cbkd45-desktop-memory.html
ADATA XPG GAMMIX D45 8GB DDR4-3200 CL16 1.35v AX4U32008G16A-CWHD45 Desktop Memory,545.49,True,RAM / Memory,https://www.rebeltech.co.za/adata-xpg-gammix-d45-8gb-ddr4-3200-cl16-1-35v-ax4u32008g16a-cwhd45-desktop-memory.html
Kingston FURY Beast 8GB DDR4-3600 CL17 1.35v KF436C17BB/8 Desktop Memory,570.49,True,RAM / Memory,https://www.rebeltech.co.za/kingston-fury-beast-8gb-ddr4-3600-cl17-1-35v-kf436c17bb-8-desktop-memory.html
ADATA XPG SPECTRIX D45G 8GB DDR4-3600 CL18 1.35v AX4U36008G18I-CWHD45G Desktop Memory,570.49,True,RAM / Memory,https://www.rebeltech.co.za/adata-xpg-spectrix-d45g-8gb-ddr4-3600-cl18-1-35v-ax4u36008g18i-cwhd45g-desktop-memory.html
ADATA XPG GAMMIX D20 8GB DDR4-3600 CL18 1.35v AX4U36008G18I-CBK20 Desktop Memory,570.49,True,RAM / Memory,https://www.rebeltech.co.za/adata-xpg-gammix-d20-8gb-ddr4-3600-cl18-1-35v-ax4u36008g18i-cbk20-desktop-memory.html
Kingston FURY Renegade 8GB DDR4-3200 CL16 1.35v KF432C16RB/8 Desktop Memory,582.49,True,RAM / Memory,https://www.rebeltech.co.za/kingston-fury-renegade-8gb-ddr4-3200-cl16-1-35v-kf432c16rb-8-desktop-memory.html
Kingston FURY Beast RGB 8GB DDR4-2666 CL16 1.20v KF426C16BBA/8 Desktop Memory,582.49,True,RAM / Memory,https://www.rebeltech.co.za/kingston-fury-beast-rgb-8gb-ddr4-2666-cl16-1-20v-kf426c16bba-8-desktop-memory.html
ADATA XPG SPECTRIX D50 8GB DDR4-3600 CL18 1.35v AX4U36008G18I-SW50 Desktop Memory,582.49,True,RAM / Memory,https://www.rebeltech.co.za/adata-xpg-spectrix-d50-8gb-ddr4-3600-cl18-1-35v-ax4u36008g18i-sw50-desktop-memory.html
ADATA XPG SPECTRIX D50 8GB DDR4-3200 CL16 1.35v AX4U32008G16A-ST50 Desktop Memory,594.99,True,RAM / Memory,https://www.rebeltech.co.za/adata-xpg-spectrix-d50-8gb-ddr4-3200-cl16-1-35v-ax4u32008g16a-st50-desktop-memory.html
ADATA XPG SPECTRIX D50 8GB DDR4-3200 CL16 1.35v AX4U32008G16A-SW50 Desktop Memory,594.99,True,RAM / Memory,https://www.rebeltech.co.za/adata-xpg-spectrix-d50-8gb-ddr4-3200-cl16-1-35v-ax4u32008g16a-sw50-desktop-memory.html
CORSAIR VENGEANCE LPX 8GB DDR4-3000 CL16 1.35v CMK8GX4M1D3000C16 Desktop Memory,596.49,True,RAM / Memory,https://www.rebeltech.co.za/corsair-vengeance-lpx-8gb-ddr4-3000-cl16-1-35v-cmk8gx4m1d3000c16-desktop-memory.html
ADATA XPG GAMMIX D45 8GB DDR4-3600 CL18 1.35v AX4U36008G18I-CBKD45 Desktop Memory,607.49,True,RAM / Memory,https://www.rebeltech.co.za/adata-xpg-gammix-d45-8gb-ddr4-3600-cl18-1-35v-ax4u36008g18i-cbkd45-desktop-memory.html
ADATA XPG GAMMIX D45 8GB DDR4-3600 CL18 1.35v AX4U36008G18I-CWHD45 Desktop Memory,607.49,True,RAM / Memory,https://www.rebeltech.co.za/adata-xpg-gammix-d45-8gb-ddr4-3600-cl18-1-35v-ax4u36008g18i-cwhd45-desktop-memory.html
Kingston FURY Renegade 8GB DDR4-2666 CL13 1.35v KF426C13RB/8 Desktop Memory,619.99,True,RAM / Memory,https://www.rebeltech.co.za/kingston-fury-renegade-8gb-ddr4-2666-cl13-1-35v-kf426c13rb-8-desktop-memory.html
Kingston FURY Beast RGB 8GB DDR4-3200 CL16 1.35v KF432C16BBA/8 Desktop Memory,619.99,True,RAM / Memory,https://www.rebeltech.co.za/kingston-fury-beast-rgb-8gb-ddr4-3200-cl16-1-35v-kf432c16bba-8-desktop-memory.html
CORSAIR VENGEANCE RGB RS 8GB DDR4-3200 CL16 1.35v CMG8GX4M1E3200C16 Desktop Memory,632.49,True,RAM / Memory,https://www.rebeltech.co.za/corsair-vengeance-rgb-rs-8gb-ddr4-3200-cl16-1-35v-cmg8gx4m1e3200c16-desktop-memory.html
ADATA XPG SPECTRIX D45G 8GB DDR4-3600 CL18 1.35v AX4U36008G18I-CBKD45G Desktop Memory,632.49,True,RAM / Memory,https://www.rebeltech.co.za/adata-xpg-spectrix-d45g-8gb-ddr4-3600-cl18-1-35v-ax4u36008g18i-cbkd45g-desktop-memory.html
ADATA XPG SPECTRIX D50 8GB DDR4-3600 CL18 1.35v AX4U36008G18I-ST50 Desktop Memory,632.49,True,RAM / Memory,https://www.rebeltech.co.za/adata-xpg-spectrix-d50-8gb-ddr4-3600-cl18-1-35v-ax4u36008g18i-st50-desktop-memory.html
ADATA XPG SPECTRIX D60G 8GB DDR4-3200 CL16 1.35v AX4U32008G16A-ST60 Desktop Memory,632.49,True,RAM / Memory,https://www.rebeltech.co.za/adata-xpg-spectrix-d60g-8gb-ddr4-3200-cl16-1-35v-ax4u32008g16a-st60-desktop-memory.html
Kingston FURY Renegade 8GB DDR4-3600 CL16 1.35v KF436C16RB/8 Desktop Memory,644.99,True,RAM / Memory,https://www.rebeltech.co.za/kingston-fury-renegade-8gb-ddr4-3600-cl16-1-35v-kf436c16rb-8-desktop-memory.html
ADATA XPG SPECTRIX D80 8GB DDR4-3200 CL16 1.35v AX4U320038G16-SR80 Desktop Memory,649.00,True,RAM / Memory,https://www.rebeltech.co.za/adata-xpg-spectrix-d80-8gb-ddr4-3200-cl16-1-35v-ax4u320038g16-sr80-desktop-memory.html
ADATA XPG SPECTRIX D40 8GB DDR4-3200 CL16 1.35v AX4U320038G16-SRS Desktop Memory,649.00,True,RAM / Memory,https://www.rebeltech.co.za/adata-xpg-spectrix-d40-8gb-ddr4-3200-cl16-1-35v-ax4u320038g16-srs-desktop-memory.html
ADATA XPG GAMMIX D10 8GB DDR4-3200 CL16 1.35v AX4U320038G16-SR10 Desktop Memory,649.00,True,RAM / Memory,https://www.rebeltech.co.za/adata-xpg-gammix-d10-8gb-ddr4-3200-cl16-1-35v-ax4u320038g16-sr10-desktop-memory.html
Kingston FURY Beast RGB 8GB DDR4-3600 CL17 1.35v KF436C17BBA/8 Desktop Memory,657.49,True,RAM / Memory,https://www.rebeltech.co.za/kingston-fury-beast-rgb-8gb-ddr4-3600-cl17-1-35v-kf436c17bba-8-desktop-memory.html
G.SKILL Aegis 16GB Kit DDR4-3000 CL16 1.35v F4-3000C16D-16GISB Desktop Memory,698.49,True,RAM / Memory,https://www.rebeltech.co.za/g-skill-aegis-16gb-kit-ddr4-3000-cl16-1-35v-f4-3000c16d-16gisb-desktop-memory.html
ADATA XPG GAMMIX D30 8GB DDR4-3600 CL18 1.35v AX4U360038G18A-SB30 Desktop Memory,699.00,True,RAM / Memory,https://www.rebeltech.co.za/adata-xpg-gammix-d30-8gb-ddr4-3600-cl18-1-35v-ax4u360038g18a-sb30-desktop-memory.html
Kingston FURY Renegade RGB 8GB DDR4-3000 CL15 1.35v KF430C15RBA/8 Desktop Memory,719.49,True,RAM / Memory,https://www.rebeltech.co.za/kingston-fury-renegade-rgb-8gb-ddr4-3000-cl15-1-35v-kf430c15rba-8-desktop-memory.html
Kingston FURY Renegade RGB 8GB DDR4-3200 CL16 1.35v KF432C16RBA/8 Desktop Memory,731.99,True,RAM / Memory,https://www.rebeltech.co.za/kingston-fury-renegade-rgb-8gb-ddr4-3200-cl16-1-35v-kf432c16rba-8-desktop-memory.html
Crucial DDR5 8GB DDR5-4800 CL40 1.10v CT8G48C40U5 Desktop Memory,747.99,True,RAM / Memory,https://www.rebeltech.co.za/crucial-ddr5-8gb-ddr5-4800-cl40-1-10v-ct8g48c40u5-desktop-memory.html
CORSAIR VENGEANCE RGB PRO 8GB DDR4-3200 CL16 1.35v CMW8GX4M1Z3200C16 Desktop Memory,756.49,True,RAM / Memory,https://www.rebeltech.co.za/corsair-vengeance-rgb-pro-8gb-ddr4-3200-cl16-1-35v-cmw8gx4m1z3200c16-desktop-memory.html
G.SKILL Aegis 16GB DDR4-3000 CL16 1.35v F4-3000C16S-16GISB Desktop Memory,762.99,True,RAM / Memory,https://www.rebeltech.co.za/g-skill-aegis-16gb-ddr4-3000-cl16-1-35v-f4-3000c16s-16gisb-desktop-memory.html
ADATA XPG HUNTER 8GB DDR5-5200 CL38 1.25v AX5U5200C388G-SHTBK Desktop Memory,768.99,True,RAM / Memory,https://www.rebeltech.co.za/adata-xpg-hunter-8gb-ddr5-5200-cl38-1-25v-ax5u5200c388g-shtbk-desktop-memory.html
CORSAIR VENGEANCE RGB PRO 8GB DDR4-3600 CL18 1.35v CMW8GX4M1Z3600C18 Desktop Memory,781.49,True,RAM / Memory,https://www.rebeltech.co.za/corsair-vengeance-rgb-pro-8gb-ddr4-3600-cl18-1-35v-cmw8gx4m1z3600c18-desktop-memory.html
Kingston FURY Beast 8GB DDR5-4800 CL38 1.10v KF548C38BB-8 Desktop Memory,781.49,True,RAM / Memory,https://www.rebeltech.co.za/kingston-fury-beast-8gb-ddr5-4800-cl38-1-10v-kf548c38bb-8-desktop-memory.html
Kingston FURY Renegade 8GB DDR4-4000 CL19 1.35v KF440C19RB/8 Desktop Memory,781.49,True,RAM / Memory,https://www.rebeltech.co.za/kingston-fury-renegade-8gb-ddr4-4000-cl19-1-35v-kf440c19rb-8-desktop-memory.html
Kingston FURY Beast 8GB DDR5-5200 CL40 1.25v KF552C40BB-8 Desktop Memory,793.99,True,RAM / Memory,https://www.rebeltech.co.za/kingston-fury-beast-8gb-ddr5-5200-cl40-1-25v-kf552c40bb-8-desktop-memory.html
Kingston FURY Renegade RGB 8GB DDR4-3600 CL16 1.35v KF436C16RBA/8 Desktop Memory,793.99,True,RAM / Memory,https://www.rebeltech.co.za/kingston-fury-renegade-rgb-8gb-ddr4-3600-cl16-1-35v-kf436c16rba-8-desktop-memory.html
ADATA XPG SPECTRIX D41 8GB DDR4-3600 CL17 1.35v AX4U360038G17-ST41 Desktop Memory,799.00,True,RAM / Memory,https://www.rebeltech.co.za/adata-xpg-spectrix-d41-8gb-ddr4-3600-cl17-1-35v-ax4u360038g17-st41-desktop-memory.html
ADATA XPG SPECTRIX D41 8GB DDR4-3600 CL17 1.35v AX4U360038G17-SR41 Desktop Memory,799.00,True,RAM / Memory,https://www.rebeltech.co.za/adata-xpg-spectrix-d41-8gb-ddr4-3600-cl17-1-35v-ax4u360038g17-sr41-desktop-memory.html
ADATA XPG SPECTRIX D40 8GB DDR4-3600 CL17 1.35v AX4U360038G17-SR40 Desktop Memory,799.00,True,RAM / Memory,https://www.rebeltech.co.za/adata-xpg-spectrix-d40-8gb-ddr4-3600-cl17-1-35v-ax4u360038g17-sr40-desktop-memory.html
Kingston FURY Beast 8GB DDR5-5600 CL40 1.25v KF556C40BB-8 Desktop Memory,818.49,True,RAM / Memory,https://www.rebeltech.co.za/kingston-fury-beast-8gb-ddr5-5600-cl40-1-25v-kf556c40bb-8-desktop-memory.html
Kingston FURY Beast 8GB DDR5-5600 CL36 1.25v KF556C36BBE-8 Desktop Memory,830.99,True,RAM / Memory,https://www.rebeltech.co.za/kingston-fury-beast-8gb-ddr5-5600-cl36-1-25v-kf556c36bbe-8-desktop-memory.html
Kingston FURY Beast 16GB DDR4-2666 CL16 1.20v KF426C16BB/16 Desktop Memory,855.99,True,RAM / Memory,https://www.rebeltech.co.za/kingston-fury-beast-16gb-ddr4-2666-cl16-1-20v-kf426c16bb-16-desktop-memory.html
ADATA XPG GAMMIX D45 16GB DDR4-3200 CL16 1.35v AX4U320016G16A-CBKD45 Desktop Memory,855.99,True,RAM / Memory,https://www.rebeltech.co.za/adata-xpg-gammix-d45-16gb-ddr4-3200-cl16-1-35v-ax4u320016g16a-cbkd45-desktop-memory.html
G.SKILL Ripjaws V 16GB DDR4-3200 CL16 1.35v F4-3200C16S-16GVK Desktop Memory,866.99,True,RAM / Memory,https://www.rebeltech.co.za/g-skill-ripjaws-v-16gb-ddr4-3200-cl16-1-35v-f4-3200c16s-16gvk-desktop-memory.html
CORSAIR VENGEANCE LPX 16GB Kit DDR4-3200 CL16 1.35v CMK16GX4M1E3200C16 Desktop Memory,868.49,True,RAM / Memory,https://www.rebeltech.co.za/corsair-vengeance-lpx-16gb-kit-ddr4-3200-cl16-1-35v-cmk16gx4m1e3200c16-desktop-memory.html
G.SKILL Aegis 16GB Kit DDR4-3200 CL16 1.35v F4-3200C16D-16GIS Desktop Memory,871.99,True,RAM / Memory,https://www.rebeltech.co.za/g-skill-aegis-16gb-kit-ddr4-3200-cl16-1-35v-f4-3200c16d-16gis-desktop-memory.html
Kingston FURY Beast 16GB DDR4-3200 CL16 1.35v KF432C16BB/16 Desktop Memory,880.99,True,RAM / Memory,https://www.rebeltech.co.za/kingston-fury-beast-16gb-ddr4-3200-cl16-1-35v-kf432c16bb-16-desktop-memory.html
Kingston FURY Beast 16GB DDR4-3000 CL15 1.35v KF430C15BB1/16 Desktop Memory,880.99,True,RAM / Memory,https://www.rebeltech.co.za/kingston-fury-beast-16gb-ddr4-3000-cl15-1-35v-kf430c15bb1-16-desktop-memory.html
Crucial DDR4 16GB DDR4-3200 CL22 1.20v CT16G4DFRA32A Desktop Memory,897.99,True,RAM / Memory,https://www.rebeltech.co.za/crucial-ddr4-16gb-ddr4-3200-cl22-1-20v-ct16g4dfra32a-desktop-memory.html
CORSAIR VENGEANCE 16GB DDR5-5600 CL40 1.25v CMK16GX5M1B5600C40 Desktop Memory,905.49,True,RAM / Memory,https://www.rebeltech.co.za/corsair-vengeance-16gb-ddr5-5600-cl40-1-25v-cmk16gx5m1b5600c40-desktop-memory.html
CORSAIR VENGEANCE LPX 16GB Kit DDR4-2666 CL16 1.20v CMK16GX4M2A2666C16 Desktop Memory,930.49,True,RAM / Memory,https://www.rebeltech.co.za/corsair-vengeance-lpx-16gb-kit-ddr4-2666-cl16-1-20v-cmk16gx4m2a2666c16-desktop-memory.html
Kingston FURY Renegade RGB 8GB DDR4-4000 CL19 1.35v KF440C19RBA/8 Desktop Memory,930.49,True,RAM / Memory,https://www.rebeltech.co.za/kingston-fury-renegade-rgb-8gb-ddr4-4000-cl19-1-35v-kf440c19rba-8-desktop-memory.html
Kingston FURY Beast 8GB DDR5-6000 CL36 1.35v KF560C36BBE-8 Desktop Memory,930.49,True,RAM / Memory,https://www.rebeltech.co.za/kingston-fury-beast-8gb-ddr5-6000-cl36-1-35v-kf560c36bbe-8-desktop-memory.html
CORSAIR VENGEANCE RGB RS 16GB DDR4-3200 CL16 1.35v CMG16GX4M1E3200C16 Desktop Memory,930.49,True,RAM / Memory,https://www.rebeltech.co.za/corsair-vengeance-rgb-rs-16gb-ddr4-3200-cl16-1-35v-cmg16gx4m1e3200c16-desktop-memory.html
CORSAIR VENGEANCE LPX 16GB DDR4-3600 CL18 1.35v CMK16GX4M1Z3600C18 Desktop Memory,930.49,True,RAM / Memory,https://www.rebeltech.co.za/corsair-vengeance-lpx-16gb-ddr4-3600-cl18-1-35v-cmk16gx4m1z3600c18-desktop-memory.html
Kingston FURY Beast 16GB Kit DDR4-2666 CL16 1.20v KF426C16BBK2/16 Desktop Memory,942.99,True,RAM / Memory,https://www.rebeltech.co.za/kingston-fury-beast-16gb-kit-ddr4-2666-cl16-1-20v-kf426c16bbk2-16-desktop-memory.html
CORSAIR VENGEANCE LPX 16GB Kit DDR4-3000 CL16 1.35v CMK16GX4M1D3000C16 Desktop Memory,943.99,True,RAM / Memory,https://www.rebeltech.co.za/corsair-vengeance-rgb-16gb-kit-ddr4-3000-cl16-1-35v-cmk16gx4m1d3000c16-desktop-memory.html
GeIL Orion RGB 16GB DDR4-3600 CL18 1.35V Desktop Memory (RAM) GOSG416GB3600C18BSC,946.49,True,RAM / Memory,https://www.rebeltech.co.za/geil-orion-16gb-ddr4-3600-ram-desktop-memory-gosg416gb3600c18bsc.html
CORSAIR VENGEANCE LPX 16GB DDR4-2400 CL16 1.20v CMK16GX4M1A2400C16 Desktop Memory,955.49,True,RAM / Memory,https://www.rebeltech.co.za/corsair-vengeance-lpx-16gb-ddr4-2400-cl16-1-20v-cmk16gx4m1a2400c16-desktop-memory.html
ADATA XPG SPECTRIX D50 16GB DDR4-3600 CL18 1.35v AX4U360016G18I-ST50 Desktop Memory,966.49,True,RAM / Memory,https://www.rebeltech.co.za/adata-xpg-spectrix-d50-16gb-ddr4-3600-cl18-1-35v-ax4u360016g18i-st50-desktop-memory.html
CORSAIR VENGEANCE LPX 16GB Kit DDR4-3200 CL16 1.35v CMK16GX4M2D3200C16 Desktop Memory,967.99,True,RAM / Memory,https://www.rebeltech.co.za/corsair-vengeance-lpx-16gb-kit-ddr4-3200-cl16-1-35v-cmk16gx4m2d3200c16-desktop-memory.html
ADATA XPG SPECTRIX D50 16GB DDR4-3200 CL16 1.35v AX4U320016G16A-ST50 Desktop Memory,967.99,True,RAM / Memory,https://www.rebeltech.co.za/adata-xpg-spectrix-d50-16gb-ddr4-3200-cl16-1-35v-ax4u320016g16a-dt50-desktop-memory.html
Kingston FURY Beast 16GB DDR5-4800 CL38 1.10v KF548C38BB-16 Desktop Memory,979.00,True,RAM / Memory,https://www.rebeltech.co.za/kingston-fury-beast-16gb-ddr5-4800-cl38-1-10v-kf548c38bb-16-desktop-memory.html
Kingston FURY Beast 8GB DDR5-6000 CL40 1.35v KF560C40BB-8 Desktop Memory,979.99,True,RAM / Memory,https://www.rebeltech.co.za/kingston-fury-beast-8gb-ddr5-6000-cl40-1-35v-kf560c40bb-8-desktop-memory.html
CORSAIR VENGEANCE RGB RS 16GB Kit DDR4-3600 CL18 1.35v CMG16GX4M1D3600C18 Desktop Memory,979.99,True,RAM / Memory,https://www.rebeltech.co.za/corsair-vengeance-rgb-rs-16gb-kit-ddr4-3600-cl18-1-35v-cmg16gx4m1d3600c18-desktop-memory.html
Kingston FURY Renegade 16GB DDR4-2666 CL13 1.35v KF426C13RB1/16 Desktop Memory,992.49,True,RAM / Memory,https://www.rebeltech.co.za/kingston-fury-renegade-16gb-ddr4-2666-cl13-1-35v-kf426c13rb1-16-desktop-memory.html
Kingston FURY Beast 16GB Kit DDR4-3200 CL16 1.35v KF432C16BBK2/16 Desktop Memory,992.49,True,RAM / Memory,https://www.rebeltech.co.za/kingston-fury-beast-16gb-kit-ddr4-3200-cl16-1-35v-kf432c16bbk2-16-desktop-memory.html
Kingston FURY Beast RGB 8GB DDR5-5600 CL40 1.25v KF556C40BBA-8 Desktop Memory,992.49,True,RAM / Memory,https://www.rebeltech.co.za/kingston-fury-beast-rgb-8gb-ddr5-5600-cl40-1-25v-kf556c40bba-8-desktop-memory.html
